-- --------------------------------------------------------
-- Host:                         127.0.0.1
-- Versión del servidor:         5.5.60 - MySQL Community Server (GPL)
-- SO del servidor:              Win32
-- HeidiSQL Versión:             10.2.0.5599
-- --------------------------------------------------------

/*!40101 SET @OLD_CHARACTER_SET_CLIENT=@@CHARACTER_SET_CLIENT */;
/*!40101 SET NAMES utf8 */;
/*!50503 SET NAMES utf8mb4 */;
/*!40014 SET @OLD_FOREIGN_KEY_CHECKS=@@FOREIGN_KEY_CHECKS, FOREIGN_KEY_CHECKS=0 */;
/*!40101 SET @OLD_SQL_MODE=@@SQL_MODE, SQL_MODE='NO_AUTO_VALUE_ON_ZERO' */;


-- Volcando estructura de base de datos para db_suppliers
DROP DATABASE IF EXISTS `db_suppliers`;
CREATE DATABASE IF NOT EXISTS `db_suppliers` /*!40100 DEFAULT CHARACTER SET latin1 */;
USE `db_suppliers`;

-- Volcando estructura para tabla db_suppliers.authorities
DROP TABLE IF EXISTS `authorities`;
CREATE TABLE IF NOT EXISTS `authorities` (
  `id_user` int(10) unsigned NOT NULL,
  `id_role` int(10) unsigned NOT NULL,
  `username` varchar(50) NOT NULL,
  `authority` varchar(50) NOT NULL,
  PRIMARY KEY (`id_user`,`id_role`),
  KEY `authorities_FK_1` (`id_role`),
  CONSTRAINT `authorities_FK` FOREIGN KEY (`id_user`) REFERENCES `users` (`id`),
  CONSTRAINT `authorities_FK_1` FOREIGN KEY (`id_role`) REFERENCES `c_roles_id` (`id`)
) ENGINE=InnoDB DEFAULT CHARSET=utf16;

-- Volcando datos para la tabla db_suppliers.authorities: ~52 rows (aproximadamente)
/*!40000 ALTER TABLE `authorities` DISABLE KEYS */;
INSERT INTO `authorities` (`id_user`, `id_role`, `username`, `authority`) VALUES
	(1, 5, 'sergio.martinez@lebelier.com', 'ROLE_ADMINISTRATOR'),
	(320, 3, 'cuentasporpagar@lebelier.com.mx', 'ROLE_PAYABLE_ACCOUNTS'),
	(381, 1, '20212', 'ROLE_SUPPLIER_MX'),
	(400, 1, '19243', 'ROLE_SUPPLIER_MX'),
	(423, 2, '15100', 'ROLE_SUPPLIER_FOREIGN'),
	(460, 1, '22228', 'ROLE_SUPPLIER_MX'),
	(480, 1, '17909', 'ROLE_SUPPLIER_MX'),
	(500, 1, '14967', 'ROLE_SUPPLIER_MX'),
	(502, 1, '14973', 'ROLE_SUPPLIER_MX'),
	(503, 1, '14982', 'ROLE_SUPPLIER_MX'),
	(504, 1, '18677', 'ROLE_SUPPLIER_MX'),
	(505, 1, '18721', 'ROLE_SUPPLIER_MX'),
	(506, 1, '16311', 'ROLE_SUPPLIER_MX'),
	(520, 1, '15385', 'ROLE_SUPPLIER_MX'),
	(540, 1, '18', 'ROLE_SUPPLIER_MX'),
	(541, 1, '22', 'ROLE_SUPPLIER_MX'),
	(600, 1, '17587', 'ROLE_SUPPLIER_MX'),
	(640, 1, '20676', 'ROLE_SUPPLIER_MX'),
	(660, 4, '15412', 'ROLE_CUSTOM_BROKER'),
	(680, 4, '18101', 'ROLE_CUSTOM_BROKER'),
	(681, 4, '21634', 'ROLE_CUSTOM_BROKER'),
	(700, 2, '14948', 'ROLE_UPDATE_CONTACTS'),
	(820, 2, '10', 'ROLE_SUPPLIER_FOREIGN'),
	(822, 2, '19', 'ROLE_UPDATE_CONTACTS'),
	(940, 2, '16498', 'ROLE_SUPPLIER_FOREIGN'),
	(942, 1, '15723', 'ROLE_SUPPLIER_MX'),
	(943, 1, '15724', 'ROLE_SUPPLIER_MX'),
	(944, 2, '18561', 'ROLE_SUPPLIER_FOREIGN'),
	(1020, 2, '15300', 'ROLE_UPDATE_CONTACTS'),
	(1040, 1, '15664', 'ROLE_SUPPLIER_MX'),
	(1062, 1, '17687', 'ROLE_SUPPLIER_MX'),
	(1063, 1, '21915', 'ROLE_UPDATE_CONTACTS'),
	(1080, 1, '19042', 'ROLE_SUPPLIER_MX'),
	(1081, 1, '19689', 'ROLE_UPDATE_CONTACTS'),
	(1083, 1, '15343', 'ROLE_SUPPLIER_MX'),
	(1085, 1, '22473', 'ROLE_SUPPLIER_MX'),
	(1087, 1, '15369', 'ROLE_UPDATE_CONTACTS'),
	(1089, 1, '21160', 'ROLE_SUPPLIER_MX'),
	(1100, 1, '21425', 'ROLE_SUPPLIER_MX'),
	(1101, 1, '21828', 'ROLE_SUPPLIER_MX'),
	(1120, 1, '21548', 'ROLE_SUPPLIER_MX'),
	(1121, 2, '21261', 'ROLE_UPDATE_CONTACTS'),
	(1123, 1, '15001', 'ROLE_UPDATE_CONTACTS'),
	(1124, 1, '15953', 'ROLE_SUPPLIER_MX'),
	(1125, 2, '85', 'ROLE_SUPPLIER_FOREIGN'),
	(1140, 1, '20118', 'ROLE_UPDATE_CONTACTS'),
	(1160, 2, '17485', 'ROLE_UPDATE_CONTACTS'),
	(1180, 2, '10612', 'ROLE_SUPPLIER_FOREIGN'),
	(1183, 2, '80', 'ROLE_SUPPLIER_FOREIGN'),
	(1184, 2, '17917', 'ROLE_SUPPLIER_FOREIGN'),
	(1202, 1, '16295', 'ROLE_SUPPLIER_MX'),
	(1203, 2, '21977', 'ROLE_SUPPLIER_FOREIGN');
/*!40000 ALTER TABLE `authorities` ENABLE KEYS */;

-- Volcando estructura para tabla db_suppliers.auto_pk_support
DROP TABLE IF EXISTS `auto_pk_support`;
CREATE TABLE IF NOT EXISTS `auto_pk_support` (
  `id` int(10) unsigned NOT NULL,
  `table_name` varchar(100) NOT NULL,
  `next_id` bigint(20) unsigned NOT NULL,
  PRIMARY KEY (`id`),
  UNIQUE KEY `auto_pk_support1_UN` (`table_name`)
) ENGINE=InnoDB DEFAULT CHARSET=utf16;

-- Volcando datos para la tabla db_suppliers.auto_pk_support: ~5 rows (aproximadamente)
/*!40000 ALTER TABLE `auto_pk_support` DISABLE KEYS */;
INSERT INTO `auto_pk_support` (`id`, `table_name`, `next_id`) VALUES
	(1, 'users', 1200),
	(2, 't_announcements', 280),
	(3, 't_contact_messages', 120),
	(4, 't_invoices', 760),
	(5, 't_suppliers', 1010);
/*!40000 ALTER TABLE `auto_pk_support` ENABLE KEYS */;

-- Volcando estructura para tabla db_suppliers.c_companies
DROP TABLE IF EXISTS `c_companies`;
CREATE TABLE IF NOT EXISTS `c_companies` (
  `id` int(10) unsigned NOT NULL,
  `id_sap` char(4) NOT NULL,
  `taxid` varchar(50) NOT NULL,
  `created_on` datetime NOT NULL,
  PRIMARY KEY (`id`)
) ENGINE=InnoDB DEFAULT CHARSET=utf16;

-- Volcando datos para la tabla db_suppliers.c_companies: ~2 rows (aproximadamente)
/*!40000 ALTER TABLE `c_companies` DISABLE KEYS */;
INSERT INTO `c_companies` (`id`, `id_sap`, `taxid`, `created_on`) VALUES
	(1, 'ZMX1', 'LFO001002TH0', '2019-08-18 00:00:00'),
	(2, 'ZMX2', 'BMA041230GF1', '2019-08-18 00:00:00');
/*!40000 ALTER TABLE `c_companies` ENABLE KEYS */;

-- Volcando estructura para tabla db_suppliers.c_contacts_types
DROP TABLE IF EXISTS `c_contacts_types`;
CREATE TABLE IF NOT EXISTS `c_contacts_types` (
  `id` int(10) unsigned NOT NULL AUTO_INCREMENT,
  `name` varchar(30) NOT NULL,
  PRIMARY KEY (`id`)
) ENGINE=InnoDB AUTO_INCREMENT=4 DEFAULT CHARSET=utf16;

-- Volcando datos para la tabla db_suppliers.c_contacts_types: ~3 rows (aproximadamente)
/*!40000 ALTER TABLE `c_contacts_types` DISABLE KEYS */;
INSERT INTO `c_contacts_types` (`id`, `name`) VALUES
	(1, 'Comercial'),
	(2, 'Fiscal'),
	(3, 'Cuentas por Cobrar');
/*!40000 ALTER TABLE `c_contacts_types` ENABLE KEYS */;

-- Volcando estructura para tabla db_suppliers.c_countries_id
DROP TABLE IF EXISTS `c_countries_id`;
CREATE TABLE IF NOT EXISTS `c_countries_id` (
  `id` int(10) unsigned NOT NULL,
  `id_sap` char(2) NOT NULL,
  `created_on` datetime NOT NULL,
  PRIMARY KEY (`id`)
) ENGINE=InnoDB DEFAULT CHARSET=utf16;

-- Volcando datos para la tabla db_suppliers.c_countries_id: ~252 rows (aproximadamente)
/*!40000 ALTER TABLE `c_countries_id` DISABLE KEYS */;
INSERT INTO `c_countries_id` (`id`, `id_sap`, `created_on`) VALUES
	(1, 'AD', '2018-08-18 00:00:00'),
	(2, 'AE', '2018-08-18 00:00:00'),
	(3, 'AF', '2018-08-18 00:00:00'),
	(4, 'AG', '2018-08-18 00:00:00'),
	(5, 'AI', '2018-08-18 00:00:00'),
	(6, 'AL', '2018-08-18 00:00:00'),
	(7, 'AM', '2018-08-18 00:00:00'),
	(8, 'AO', '2018-08-18 00:00:00'),
	(9, 'AQ', '2018-08-18 00:00:00'),
	(10, 'AR', '2018-08-18 00:00:00'),
	(11, 'AS', '2018-08-18 00:00:00'),
	(12, 'AT', '2018-08-18 00:00:00'),
	(13, 'AU', '2018-08-18 00:00:00'),
	(14, 'AW', '2018-08-18 00:00:00'),
	(15, 'AZ', '2018-08-18 00:00:00'),
	(16, 'BA', '2018-08-18 00:00:00'),
	(17, 'BB', '2018-08-18 00:00:00'),
	(18, 'BD', '2018-08-18 00:00:00'),
	(19, 'BE', '2018-08-18 00:00:00'),
	(20, 'BF', '2018-08-18 00:00:00'),
	(21, 'BG', '2018-08-18 00:00:00'),
	(22, 'BH', '2018-08-18 00:00:00'),
	(23, 'BI', '2018-08-18 00:00:00'),
	(24, 'BJ', '2018-08-18 00:00:00'),
	(25, 'BL', '2018-08-18 00:00:00'),
	(26, 'BM', '2018-08-18 00:00:00'),
	(27, 'BN', '2018-08-18 00:00:00'),
	(28, 'BO', '2018-08-18 00:00:00'),
	(29, 'BQ', '2018-08-18 00:00:00'),
	(30, 'BR', '2018-08-18 00:00:00'),
	(31, 'BS', '2018-08-18 00:00:00'),
	(32, 'BT', '2018-08-18 00:00:00'),
	(33, 'BV', '2018-08-18 00:00:00'),
	(34, 'BW', '2018-08-18 00:00:00'),
	(35, 'BY', '2018-08-18 00:00:00'),
	(36, 'BZ', '2018-08-18 00:00:00'),
	(37, 'CA', '2018-08-18 00:00:00'),
	(38, 'CC', '2018-08-18 00:00:00'),
	(39, 'CD', '2018-08-18 00:00:00'),
	(40, 'CF', '2018-08-18 00:00:00'),
	(41, 'CG', '2018-08-18 00:00:00'),
	(42, 'CH', '2018-08-18 00:00:00'),
	(43, 'CI', '2018-08-18 00:00:00'),
	(44, 'CK', '2018-08-18 00:00:00'),
	(45, 'CL', '2018-08-18 00:00:00'),
	(46, 'CM', '2018-08-18 00:00:00'),
	(47, 'CN', '2018-08-18 00:00:00'),
	(48, 'CO', '2018-08-18 00:00:00'),
	(49, 'CR', '2018-08-18 00:00:00'),
	(50, 'CS', '2018-08-18 00:00:00'),
	(51, 'CU', '2018-08-18 00:00:00'),
	(52, 'CV', '2018-08-18 00:00:00'),
	(53, 'CW', '2018-08-18 00:00:00'),
	(54, 'CX', '2018-08-18 00:00:00'),
	(55, 'CY', '2018-08-18 00:00:00'),
	(56, 'CZ', '2018-08-18 00:00:00'),
	(57, 'DE', '2018-08-18 00:00:00'),
	(58, 'DJ', '2018-08-18 00:00:00'),
	(59, 'DK', '2018-08-18 00:00:00'),
	(60, 'DM', '2018-08-18 00:00:00'),
	(61, 'DO', '2018-08-18 00:00:00'),
	(62, 'DZ', '2018-08-18 00:00:00'),
	(63, 'EC', '2018-08-18 00:00:00'),
	(64, 'EE', '2018-08-18 00:00:00'),
	(65, 'EG', '2018-08-18 00:00:00'),
	(66, 'EH', '2018-08-18 00:00:00'),
	(67, 'ER', '2018-08-18 00:00:00'),
	(68, 'ES', '2018-08-18 00:00:00'),
	(69, 'ET', '2018-08-18 00:00:00'),
	(70, 'EU', '2018-08-18 00:00:00'),
	(71, 'FI', '2018-08-18 00:00:00'),
	(72, 'FJ', '2018-08-18 00:00:00'),
	(73, 'FK', '2018-08-18 00:00:00'),
	(74, 'FM', '2018-08-18 00:00:00'),
	(75, 'FO', '2018-08-18 00:00:00'),
	(76, 'FR', '2018-08-18 00:00:00'),
	(77, 'GA', '2018-08-18 00:00:00'),
	(78, 'GB', '2018-08-18 00:00:00'),
	(79, 'GD', '2018-08-18 00:00:00'),
	(80, 'GE', '2018-08-18 00:00:00'),
	(81, 'GF', '2018-08-18 00:00:00'),
	(82, 'GG', '2018-08-18 00:00:00'),
	(83, 'GH', '2018-08-18 00:00:00'),
	(84, 'GI', '2018-08-18 00:00:00'),
	(85, 'GL', '2018-08-18 00:00:00'),
	(86, 'GM', '2018-08-18 00:00:00'),
	(87, 'GN', '2018-08-18 00:00:00'),
	(88, 'GP', '2018-08-18 00:00:00'),
	(89, 'GQ', '2018-08-18 00:00:00'),
	(90, 'GR', '2018-08-18 00:00:00'),
	(91, 'GS', '2018-08-18 00:00:00'),
	(92, 'GT', '2018-08-18 00:00:00'),
	(93, 'GU', '2018-08-18 00:00:00'),
	(94, 'GW', '2018-08-18 00:00:00'),
	(95, 'GY', '2018-08-18 00:00:00'),
	(96, 'HK', '2018-08-18 00:00:00'),
	(97, 'HM', '2018-08-18 00:00:00'),
	(98, 'HN', '2018-08-18 00:00:00'),
	(99, 'HR', '2018-08-18 00:00:00'),
	(100, 'HT', '2018-08-18 00:00:00'),
	(101, 'HU', '2018-08-18 00:00:00'),
	(102, 'ID', '2018-08-18 00:00:00'),
	(103, 'IE', '2018-08-18 00:00:00'),
	(104, 'IL', '2018-08-18 00:00:00'),
	(105, 'IM', '2018-08-18 00:00:00'),
	(106, 'IN', '2018-08-18 00:00:00'),
	(107, 'IO', '2018-08-18 00:00:00'),
	(108, 'IQ', '2018-08-18 00:00:00'),
	(109, 'IR', '2018-08-18 00:00:00'),
	(110, 'IS', '2018-08-18 00:00:00'),
	(111, 'IT', '2018-08-18 00:00:00'),
	(112, 'JE', '2018-08-18 00:00:00'),
	(113, 'JM', '2018-08-18 00:00:00'),
	(114, 'JO', '2018-08-18 00:00:00'),
	(115, 'JP', '2018-08-18 00:00:00'),
	(116, 'KE', '2018-08-18 00:00:00'),
	(117, 'KG', '2018-08-18 00:00:00'),
	(118, 'KH', '2018-08-18 00:00:00'),
	(119, 'KI', '2018-08-18 00:00:00'),
	(120, 'KM', '2018-08-18 00:00:00'),
	(121, 'KN', '2018-08-18 00:00:00'),
	(122, 'KP', '2018-08-18 00:00:00'),
	(123, 'KR', '2018-08-18 00:00:00'),
	(124, 'KW', '2018-08-18 00:00:00'),
	(125, 'KY', '2018-08-18 00:00:00'),
	(126, 'KZ', '2018-08-18 00:00:00'),
	(127, 'LA', '2018-08-18 00:00:00'),
	(128, 'LB', '2018-08-18 00:00:00'),
	(129, 'LC', '2018-08-18 00:00:00'),
	(130, 'LI', '2018-08-18 00:00:00'),
	(131, 'LK', '2018-08-18 00:00:00'),
	(132, 'LR', '2018-08-18 00:00:00'),
	(133, 'LS', '2018-08-18 00:00:00'),
	(134, 'LT', '2018-08-18 00:00:00'),
	(135, 'LU', '2018-08-18 00:00:00'),
	(136, 'LV', '2018-08-18 00:00:00'),
	(137, 'LY', '2018-08-18 00:00:00'),
	(138, 'MA', '2018-08-18 00:00:00'),
	(139, 'MC', '2018-08-18 00:00:00'),
	(140, 'MD', '2018-08-18 00:00:00'),
	(141, 'MG', '2018-08-18 00:00:00'),
	(142, 'MH', '2018-08-18 00:00:00'),
	(143, 'MK', '2018-08-18 00:00:00'),
	(144, 'ML', '2018-08-18 00:00:00'),
	(145, 'MM', '2018-08-18 00:00:00'),
	(146, 'MN', '2018-08-18 00:00:00'),
	(147, 'MO', '2018-08-18 00:00:00'),
	(148, 'MP', '2018-08-18 00:00:00'),
	(149, 'MQ', '2018-08-18 00:00:00'),
	(150, 'MR', '2018-08-18 00:00:00'),
	(151, 'MS', '2018-08-18 00:00:00'),
	(152, 'MT', '2018-08-18 00:00:00'),
	(153, 'MU', '2018-08-18 00:00:00'),
	(154, 'MV', '2018-08-18 00:00:00'),
	(155, 'MW', '2018-08-18 00:00:00'),
	(156, 'MX', '2018-08-18 00:00:00'),
	(157, 'MY', '2018-08-18 00:00:00'),
	(158, 'MZ', '2018-08-18 00:00:00'),
	(159, 'NA', '2018-08-18 00:00:00'),
	(160, 'NC', '2018-08-18 00:00:00'),
	(161, 'NE', '2018-08-18 00:00:00'),
	(162, 'NF', '2018-08-18 00:00:00'),
	(163, 'NG', '2018-08-18 00:00:00'),
	(164, 'NI', '2018-08-18 00:00:00'),
	(165, 'NL', '2018-08-18 00:00:00'),
	(166, 'NO', '2018-08-18 00:00:00'),
	(167, 'NP', '2018-08-18 00:00:00'),
	(168, 'NR', '2018-08-18 00:00:00'),
	(169, 'NT', '2018-08-18 00:00:00'),
	(170, 'NU', '2018-08-18 00:00:00'),
	(171, 'NZ', '2018-08-18 00:00:00'),
	(172, 'OM', '2018-08-18 00:00:00'),
	(173, 'OR', '2018-08-18 00:00:00'),
	(174, 'PA', '2018-08-18 00:00:00'),
	(175, 'PE', '2018-08-18 00:00:00'),
	(176, 'PF', '2018-08-18 00:00:00'),
	(177, 'PG', '2018-08-18 00:00:00'),
	(178, 'PH', '2018-08-18 00:00:00'),
	(179, 'PK', '2018-08-18 00:00:00'),
	(180, 'PL', '2018-08-18 00:00:00'),
	(181, 'PM', '2018-08-18 00:00:00'),
	(182, 'PN', '2018-08-18 00:00:00'),
	(183, 'PR', '2018-08-18 00:00:00'),
	(184, 'PS', '2018-08-18 00:00:00'),
	(185, 'PT', '2018-08-18 00:00:00'),
	(186, 'PW', '2018-08-18 00:00:00'),
	(187, 'PY', '2018-08-18 00:00:00'),
	(188, 'QA', '2018-08-18 00:00:00'),
	(189, 'RE', '2018-08-18 00:00:00'),
	(190, 'RO', '2018-08-18 00:00:00'),
	(191, 'RS', '2018-08-18 00:00:00'),
	(192, 'RU', '2018-08-18 00:00:00'),
	(193, 'RW', '2018-08-18 00:00:00'),
	(194, 'SA', '2018-08-18 00:00:00'),
	(195, 'SB', '2018-08-18 00:00:00'),
	(196, 'SC', '2018-08-18 00:00:00'),
	(197, 'SD', '2018-08-18 00:00:00'),
	(198, 'SE', '2018-08-18 00:00:00'),
	(199, 'SG', '2018-08-18 00:00:00'),
	(200, 'SH', '2018-08-18 00:00:00'),
	(201, 'SI', '2018-08-18 00:00:00'),
	(202, 'SJ', '2018-08-18 00:00:00'),
	(203, 'SK', '2018-08-18 00:00:00'),
	(204, 'SL', '2018-08-18 00:00:00'),
	(205, 'SM', '2018-08-18 00:00:00'),
	(206, 'SN', '2018-08-18 00:00:00'),
	(207, 'SO', '2018-08-18 00:00:00'),
	(208, 'SR', '2018-08-18 00:00:00'),
	(209, 'SS', '2018-08-18 00:00:00'),
	(210, 'ST', '2018-08-18 00:00:00'),
	(211, 'SV', '2018-08-18 00:00:00'),
	(212, 'SX', '2018-08-18 00:00:00'),
	(213, 'SY', '2018-08-18 00:00:00'),
	(214, 'SZ', '2018-08-18 00:00:00'),
	(215, 'TC', '2018-08-18 00:00:00'),
	(216, 'TD', '2018-08-18 00:00:00'),
	(217, 'TF', '2018-08-18 00:00:00'),
	(218, 'TG', '2018-08-18 00:00:00'),
	(219, 'TH', '2018-08-18 00:00:00'),
	(220, 'TJ', '2018-08-18 00:00:00'),
	(221, 'TK', '2018-08-18 00:00:00'),
	(222, 'TL', '2018-08-18 00:00:00'),
	(223, 'TM', '2018-08-18 00:00:00'),
	(224, 'TN', '2018-08-18 00:00:00'),
	(225, 'TO', '2018-08-18 00:00:00'),
	(226, 'TP', '2018-08-18 00:00:00'),
	(227, 'TR', '2018-08-18 00:00:00'),
	(228, 'TT', '2018-08-18 00:00:00'),
	(229, 'TV', '2018-08-18 00:00:00'),
	(230, 'TW', '2018-08-18 00:00:00'),
	(231, 'TZ', '2018-08-18 00:00:00'),
	(232, 'UA', '2018-08-18 00:00:00'),
	(233, 'UG', '2018-08-18 00:00:00'),
	(234, 'UM', '2018-08-18 00:00:00'),
	(235, 'UN', '2018-08-18 00:00:00'),
	(236, 'US', '2018-08-18 00:00:00'),
	(237, 'UY', '2018-08-18 00:00:00'),
	(238, 'UZ', '2018-08-18 00:00:00'),
	(239, 'VA', '2018-08-18 00:00:00'),
	(240, 'VC', '2018-08-18 00:00:00'),
	(241, 'VE', '2018-08-18 00:00:00'),
	(242, 'VG', '2018-08-18 00:00:00'),
	(243, 'VI', '2018-08-18 00:00:00'),
	(244, 'VN', '2018-08-18 00:00:00'),
	(245, 'VU', '2018-08-18 00:00:00'),
	(246, 'WF', '2018-08-18 00:00:00'),
	(247, 'WS', '2018-08-18 00:00:00'),
	(248, 'YE', '2018-08-18 00:00:00'),
	(249, 'YT', '2018-08-18 00:00:00'),
	(250, 'ZA', '2018-08-18 00:00:00'),
	(251, 'ZM', '2018-08-18 00:00:00'),
	(252, 'ZW', '2018-08-18 00:00:00');
/*!40000 ALTER TABLE `c_countries_id` ENABLE KEYS */;

-- Volcando estructura para tabla db_suppliers.c_countries_trans
DROP TABLE IF EXISTS `c_countries_trans`;
CREATE TABLE IF NOT EXISTS `c_countries_trans` (
  `id_country` int(10) unsigned NOT NULL,
  `id_language` int(10) unsigned NOT NULL,
  `name` varchar(60) NOT NULL,
  `created_on` datetime NOT NULL,
  PRIMARY KEY (`id_country`,`id_language`),
  KEY `c_countries_trans_FK_1` (`id_language`),
  CONSTRAINT `c_countries_trans_FK` FOREIGN KEY (`id_country`) REFERENCES `c_countries_id` (`id`),
  CONSTRAINT `c_countries_trans_FK_1` FOREIGN KEY (`id_language`) REFERENCES `c_languages_id` (`id`)
) ENGINE=InnoDB DEFAULT CHARSET=utf16;

-- Volcando datos para la tabla db_suppliers.c_countries_trans: ~550 rows (aproximadamente)
/*!40000 ALTER TABLE `c_countries_trans` DISABLE KEYS */;
INSERT INTO `c_countries_trans` (`id_country`, `id_language`, `name`, `created_on`) VALUES
	(1, 1, 'Andorra', '2019-08-18 01:00:00'),
	(1, 2, 'Andorra', '2019-08-18 00:00:00'),
	(2, 1, 'United Arab Emirates', '2019-08-18 01:00:00'),
	(2, 2, 'Emiratos Ãrabes Unidos', '2019-08-18 00:00:00'),
	(3, 1, 'Afghanistan', '2019-08-18 01:00:00'),
	(3, 2, 'AfganistÃ¡n', '2019-08-18 00:00:00'),
	(4, 1, 'Antigua and Barbuda', '2019-08-18 01:00:00'),
	(4, 2, 'Antigua y Barbuda', '2019-08-18 00:00:00'),
	(5, 1, 'Anguilla', '2019-08-18 01:00:00'),
	(5, 2, 'de Anguilla', '2019-08-18 00:00:00'),
	(6, 1, 'Albania', '2019-08-18 01:00:00'),
	(6, 2, 'Albania', '2019-08-18 00:00:00'),
	(7, 1, 'Armenia', '2019-08-18 01:00:00'),
	(7, 2, 'Armenia', '2019-08-18 00:00:00'),
	(8, 1, 'Angola', '2019-08-18 01:00:00'),
	(8, 2, 'Angola', '2019-08-18 00:00:00'),
	(9, 1, 'Antarctica', '2019-08-18 01:00:00'),
	(9, 2, 'AntÃ¡rtida', '2019-08-18 00:00:00'),
	(10, 1, 'Argentina', '2019-08-18 01:00:00'),
	(10, 2, 'Argentina', '2019-08-18 00:00:00'),
	(11, 1, 'American Samoa', '2019-08-18 01:00:00'),
	(11, 2, 'Samoa americana', '2019-08-18 00:00:00'),
	(12, 1, 'Austria', '2019-08-18 01:00:00'),
	(12, 2, 'Austria', '2019-08-18 00:00:00'),
	(13, 1, 'Australia', '2019-08-18 01:00:00'),
	(13, 2, 'Australia', '2019-08-18 00:00:00'),
	(14, 1, 'Aruba', '2019-08-18 01:00:00'),
	(14, 2, 'Aruba', '2019-08-18 00:00:00'),
	(15, 1, 'Azerbaijan', '2019-08-18 01:00:00'),
	(15, 2, 'AzerbaiyÃ¡n', '2019-08-18 00:00:00'),
	(16, 1, 'Bosnia and Herzegovina', '2019-08-18 01:00:00'),
	(16, 2, 'Bosnia-Herzegovina', '2019-08-18 00:00:00'),
	(17, 1, 'Barbados', '2019-08-18 01:00:00'),
	(17, 2, 'Barbados', '2019-08-18 00:00:00'),
	(18, 1, 'Bangladesh', '2019-08-18 01:00:00'),
	(18, 2, 'Bangladesh', '2019-08-18 00:00:00'),
	(19, 1, 'Belgium', '2019-08-18 01:00:00'),
	(19, 2, 'BÃ©lgica', '2019-08-18 00:00:00'),
	(20, 1, 'Burkina Faso', '2019-08-18 01:00:00'),
	(20, 2, 'Burkina Faso', '2019-08-18 00:00:00'),
	(21, 1, 'Bulgaria', '2019-08-18 01:00:00'),
	(21, 2, 'Bulgaria', '2019-08-18 00:00:00'),
	(22, 1, 'Bahrain', '2019-08-18 01:00:00'),
	(22, 2, 'BahrÃ¡in', '2019-08-18 00:00:00'),
	(23, 1, 'Burundi', '2019-08-18 01:00:00'),
	(23, 2, 'Burundi', '2019-08-18 00:00:00'),
	(24, 1, 'Benin', '2019-08-18 01:00:00'),
	(24, 2, 'BenÃ­n', '2019-08-18 00:00:00'),
	(25, 1, 'Blue', '2019-08-18 01:00:00'),
	(25, 2, 'Azul', '2019-08-18 00:00:00'),
	(26, 1, 'Bermuda', '2019-08-18 01:00:00'),
	(26, 2, 'Bermudas', '2019-08-18 00:00:00'),
	(27, 1, 'Brunei Darussalam', '2019-08-18 01:00:00'),
	(27, 2, 'Brunei Darussalam', '2019-08-18 00:00:00'),
	(28, 1, 'Bolivia', '2019-08-18 01:00:00'),
	(28, 2, 'Bolivia', '2019-08-18 00:00:00'),
	(29, 1, 'Bonaire, Sint Eustatius and Saba', '2019-08-18 01:00:00'),
	(29, 2, 'Bonaire, Saint Eustatius y Saba', '2019-08-18 00:00:00'),
	(30, 1, 'Brazil', '2019-08-18 01:00:00'),
	(30, 2, 'Brasil', '2019-08-18 00:00:00'),
	(31, 1, 'Bahamas', '2019-08-18 01:00:00'),
	(31, 2, 'Bahamas', '2019-08-18 00:00:00'),
	(32, 1, 'Bhutan', '2019-08-18 01:00:00'),
	(32, 2, 'ButÃ¡n', '2019-08-18 00:00:00'),
	(33, 1, 'Bouvet Islands', '2019-08-18 01:00:00'),
	(33, 2, 'Islas Bouvet', '2019-08-18 00:00:00'),
	(34, 1, 'Botswana', '2019-08-18 01:00:00'),
	(34, 2, 'Botsuana', '2019-08-18 00:00:00'),
	(35, 1, 'Belarus', '2019-08-18 01:00:00'),
	(35, 2, 'Bielorrusia', '2019-08-18 00:00:00'),
	(36, 1, 'Belize', '2019-08-18 01:00:00'),
	(36, 2, 'Belice', '2019-08-18 00:00:00'),
	(37, 1, 'Canada', '2019-08-18 01:00:00'),
	(37, 2, 'CanadÃ¡', '2019-08-18 00:00:00'),
	(38, 1, 'Coconut Islands', '2019-08-18 01:00:00'),
	(38, 2, 'Islas Cocos', '2019-08-18 00:00:00'),
	(39, 1, 'Democratic Republic of the Congo', '2019-08-18 01:00:00'),
	(39, 2, 'RepÃºblica del Congo', '2019-08-18 00:00:00'),
	(40, 1, 'Central African Republic', '2019-08-18 01:00:00'),
	(40, 2, 'RepÃºblica Centroafricana', '2019-08-18 00:00:00'),
	(41, 1, 'Republic of the Congo', '2019-08-18 01:00:00'),
	(41, 2, 'RepÃºblica del Congo', '2019-08-18 00:00:00'),
	(42, 1, 'Switzerland', '2019-08-18 01:00:00'),
	(42, 2, 'Suiza', '2019-08-18 00:00:00'),
	(43, 1, 'Cote d\'Ivoire', '2019-08-18 01:00:00'),
	(43, 2, 'Costa de Marfil', '2019-08-18 00:00:00'),
	(44, 1, 'Cook Islands', '2019-08-18 01:00:00'),
	(44, 2, 'Islas Cook', '2019-08-18 00:00:00'),
	(45, 1, 'Chile', '2019-08-18 01:00:00'),
	(45, 2, 'Chile', '2019-08-18 00:00:00'),
	(46, 1, 'Cameroon', '2019-08-18 01:00:00'),
	(46, 2, 'CamerÃºn', '2019-08-18 00:00:00'),
	(47, 1, 'China', '2019-08-18 01:00:00'),
	(47, 2, 'China', '2019-08-18 00:00:00'),
	(48, 1, 'Colombia', '2019-08-18 01:00:00'),
	(48, 2, 'Colombia', '2019-08-18 00:00:00'),
	(49, 1, 'Costa Rica', '2019-08-18 01:00:00'),
	(49, 2, 'Costa Rica', '2019-08-18 00:00:00'),
	(50, 1, 'Serbia and Montenegro', '2019-08-18 01:00:00'),
	(50, 2, 'Serbia y Montenegro', '2019-08-18 00:00:00'),
	(51, 1, 'Cuba', '2019-08-18 01:00:00'),
	(51, 2, 'Cuba', '2019-08-18 00:00:00'),
	(52, 1, 'Cape Verde', '2019-08-18 01:00:00'),
	(52, 2, 'Cabo Verde', '2019-08-18 00:00:00'),
	(53, 1, 'CuraÃ§ao', '2019-08-18 01:00:00'),
	(53, 2, 'CuraÃ§ao', '2019-08-18 00:00:00'),
	(54, 1, 'Christmas Islnd', '2019-08-18 01:00:00'),
	(54, 2, 'Isla Christmas', '2019-08-18 00:00:00'),
	(55, 1, 'Cyprus', '2019-08-18 01:00:00'),
	(55, 2, 'Chipre', '2019-08-18 00:00:00'),
	(56, 1, 'Czech Republic', '2019-08-18 01:00:00'),
	(56, 2, 'RepÃºblica Checa', '2019-08-18 00:00:00'),
	(57, 1, 'Germany', '2019-08-18 01:00:00'),
	(57, 2, 'Alemania', '2019-08-18 00:00:00'),
	(58, 1, 'Djibouti', '2019-08-18 01:00:00'),
	(58, 2, 'Yibuti', '2019-08-18 00:00:00'),
	(59, 1, 'Denmark', '2019-08-18 01:00:00'),
	(59, 2, 'Dinamarca', '2019-08-18 00:00:00'),
	(60, 1, 'Dominica', '2019-08-18 01:00:00'),
	(60, 2, 'Dominica', '2019-08-18 00:00:00'),
	(61, 1, 'Dominican Republic', '2019-08-18 01:00:00'),
	(61, 2, 'RepÃºblica Dominicana', '2019-08-18 00:00:00'),
	(62, 1, 'Algeria', '2019-08-18 01:00:00'),
	(62, 2, 'Argelia', '2019-08-18 00:00:00'),
	(63, 1, 'Ecuador', '2019-08-18 01:00:00'),
	(63, 2, 'Ecuador', '2019-08-18 00:00:00'),
	(64, 1, 'Estonia', '2019-08-18 01:00:00'),
	(64, 2, 'Estonia', '2019-08-18 00:00:00'),
	(65, 1, 'Egypt', '2019-08-18 01:00:00'),
	(65, 2, 'Egipto', '2019-08-18 00:00:00'),
	(66, 1, 'West Sahara', '2019-08-18 01:00:00'),
	(66, 2, 'SÃ¡hara occidental', '2019-08-18 00:00:00'),
	(67, 1, 'Eritrea', '2019-08-18 01:00:00'),
	(67, 2, 'Eritrea', '2019-08-18 00:00:00'),
	(68, 1, 'Spain', '2019-08-18 01:00:00'),
	(68, 2, 'EspaÃ±a', '2019-08-18 00:00:00'),
	(69, 1, 'Ethiopia', '2019-08-18 01:00:00'),
	(69, 2, 'EtiopÃ­a', '2019-08-18 00:00:00'),
	(70, 1, 'European Union', '2019-08-18 01:00:00'),
	(70, 2, 'UniÃ³n Europea', '2019-08-18 00:00:00'),
	(71, 1, 'Finland', '2019-08-18 01:00:00'),
	(71, 2, 'Finlandia', '2019-08-18 00:00:00'),
	(72, 1, 'Fiji', '2019-08-18 01:00:00'),
	(72, 2, 'Fiyi', '2019-08-18 00:00:00'),
	(73, 1, 'Falkland Islands', '2019-08-18 01:00:00'),
	(73, 2, 'Islas Malvinas', '2019-08-18 00:00:00'),
	(74, 1, 'Micronesia', '2019-08-18 01:00:00'),
	(74, 2, 'Micronesia', '2019-08-18 00:00:00'),
	(75, 1, 'Faroe Islands', '2019-08-18 01:00:00'),
	(75, 2, 'Islas Feroe', '2019-08-18 00:00:00'),
	(76, 1, 'France', '2019-08-18 01:00:00'),
	(76, 2, 'Francia', '2019-08-18 00:00:00'),
	(77, 1, 'Gabon', '2019-08-18 01:00:00'),
	(77, 2, 'GabÃ³n', '2019-08-18 00:00:00'),
	(78, 1, 'United Kingdom', '2019-08-18 01:00:00'),
	(78, 2, 'Reino Unido', '2019-08-18 00:00:00'),
	(79, 1, 'Grenada', '2019-08-18 01:00:00'),
	(79, 2, 'Granada', '2019-08-18 00:00:00'),
	(80, 1, 'Georgia', '2019-08-18 01:00:00'),
	(80, 2, 'Georgia', '2019-08-18 00:00:00'),
	(81, 1, 'French Guyana', '2019-08-18 01:00:00'),
	(81, 2, 'Guayana Francesa', '2019-08-18 00:00:00'),
	(82, 1, 'Guernsey (Channel Islands)', '2019-08-18 01:00:00'),
	(82, 2, 'Guernsey (Isla del Canal)', '2019-08-18 00:00:00'),
	(83, 1, 'Ghana', '2019-08-18 01:00:00'),
	(83, 2, 'Ghana', '2019-08-18 00:00:00'),
	(84, 1, 'Gibraltar', '2019-08-18 01:00:00'),
	(84, 2, 'Gibraltar', '2019-08-18 00:00:00'),
	(85, 1, 'Greenland', '2019-08-18 01:00:00'),
	(85, 2, 'Groenlandia', '2019-08-18 00:00:00'),
	(86, 1, 'Gambia', '2019-08-18 01:00:00'),
	(86, 2, 'Gambia', '2019-08-18 00:00:00'),
	(87, 1, 'Guinea', '2019-08-18 01:00:00'),
	(87, 2, 'Guinea', '2019-08-18 00:00:00'),
	(88, 1, 'Guadeloupe', '2019-08-18 01:00:00'),
	(88, 2, 'Guadalupe', '2019-08-18 00:00:00'),
	(89, 1, 'Equatorial Guinea', '2019-08-18 01:00:00'),
	(89, 2, 'Guinea Ecuatorial', '2019-08-18 00:00:00'),
	(90, 1, 'Greece', '2019-08-18 01:00:00'),
	(90, 2, 'Grecia', '2019-08-18 00:00:00'),
	(91, 1, 'South Georgia and the Southern Sandwich Islands', '2019-08-18 01:00:00'),
	(91, 2, 'Islas Sur Georgia y Sur Sandwich', '2019-08-18 00:00:00'),
	(92, 1, 'Guatemala', '2019-08-18 01:00:00'),
	(92, 2, 'Guatemala', '2019-08-18 00:00:00'),
	(93, 1, 'Guam', '2019-08-18 01:00:00'),
	(93, 2, 'Guam', '2019-08-18 00:00:00'),
	(94, 1, 'Guinea-Bissau', '2019-08-18 01:00:00'),
	(94, 2, 'Guinea-Bissau', '2019-08-18 00:00:00'),
	(95, 1, 'Guyana', '2019-08-18 01:00:00'),
	(95, 2, 'Guyana', '2019-08-18 00:00:00'),
	(96, 1, 'Hong Kong', '2019-08-18 01:00:00'),
	(96, 2, 'Hong Kong', '2019-08-18 00:00:00'),
	(97, 1, 'Heard and McDonald Islands', '2019-08-18 01:00:00'),
	(97, 2, 'Islas Heard y Mcdonald', '2019-08-18 00:00:00'),
	(98, 1, 'Honduras', '2019-08-18 01:00:00'),
	(98, 2, 'Honduras', '2019-08-18 00:00:00'),
	(99, 1, 'Croatia', '2019-08-18 01:00:00'),
	(99, 2, 'Croacia', '2019-08-18 00:00:00'),
	(100, 1, 'Haiti', '2019-08-18 01:00:00'),
	(100, 2, 'HaitÃ­', '2019-08-18 00:00:00'),
	(101, 1, 'Hungary', '2019-08-18 01:00:00'),
	(101, 2, 'HungrÃ­a', '2019-08-18 00:00:00'),
	(102, 1, 'Indonesia', '2019-08-18 01:00:00'),
	(102, 2, 'Indonesia', '2019-08-18 00:00:00'),
	(103, 1, 'Ireland', '2019-08-18 01:00:00'),
	(103, 2, 'Irlanda', '2019-08-18 00:00:00'),
	(104, 1, 'Israel', '2019-08-18 01:00:00'),
	(104, 2, 'Israel', '2019-08-18 00:00:00'),
	(105, 1, 'Isle of Man', '2019-08-18 01:00:00'),
	(105, 2, 'Isla de Man', '2019-08-18 00:00:00'),
	(106, 1, 'India', '2019-08-18 01:00:00'),
	(106, 2, 'India', '2019-08-18 00:00:00'),
	(107, 1, 'British Indian Ocean Territory', '2019-08-18 01:00:00'),
	(107, 2, 'Territorio britÃ¡nico en OcÃ©ano Ãndico', '2019-08-18 00:00:00'),
	(108, 1, 'Iraq', '2019-08-18 01:00:00'),
	(108, 2, 'Iraq', '2019-08-18 00:00:00'),
	(109, 1, 'Iran', '2019-08-18 01:00:00'),
	(109, 2, 'IrÃ¡n', '2019-08-18 00:00:00'),
	(110, 1, 'Iceland', '2019-08-18 01:00:00'),
	(110, 2, 'Islandia', '2019-08-18 00:00:00'),
	(111, 1, 'Italy', '2019-08-18 01:00:00'),
	(111, 2, 'Italia', '2019-08-18 00:00:00'),
	(112, 1, 'Jersey', '2019-08-18 01:00:00'),
	(112, 2, 'Jersey', '2019-08-18 00:00:00'),
	(113, 1, 'Jamaica', '2019-08-18 01:00:00'),
	(113, 2, 'Jamaica', '2019-08-18 00:00:00'),
	(114, 1, 'Jordan', '2019-08-18 01:00:00'),
	(114, 2, 'Jordania', '2019-08-18 00:00:00'),
	(115, 1, 'Japan', '2019-08-18 01:00:00'),
	(115, 2, 'JapÃ³n', '2019-08-18 00:00:00'),
	(116, 1, 'Kenya', '2019-08-18 01:00:00'),
	(116, 2, 'Kenia', '2019-08-18 00:00:00'),
	(117, 1, 'Kyrgyzstan', '2019-08-18 01:00:00'),
	(117, 2, 'KirguizistÃ¡n', '2019-08-18 00:00:00'),
	(118, 1, 'Cambodia', '2019-08-18 01:00:00'),
	(118, 2, 'Camboya', '2019-08-18 00:00:00'),
	(119, 1, 'Kiribati', '2019-08-18 01:00:00'),
	(119, 2, 'Kiribati', '2019-08-18 00:00:00'),
	(120, 1, 'Comoros', '2019-08-18 01:00:00'),
	(120, 2, 'Comoras', '2019-08-18 00:00:00'),
	(121, 1, 'Saint Kitts and Nevis', '2019-08-18 01:00:00'),
	(121, 2, 'Saint Kitts y Nevis', '2019-08-18 00:00:00'),
	(122, 1, 'North Korea', '2019-08-18 01:00:00'),
	(122, 2, 'Corea del Norte', '2019-08-18 00:00:00'),
	(123, 1, 'South Korea', '2019-08-18 01:00:00'),
	(123, 2, 'Corea del Sur', '2019-08-18 00:00:00'),
	(124, 1, 'Kuwait', '2019-08-18 01:00:00'),
	(124, 2, 'Kuwait', '2019-08-18 00:00:00'),
	(125, 1, 'Cayman Islands', '2019-08-18 01:00:00'),
	(125, 2, 'Islas CaimÃ¡n', '2019-08-18 00:00:00'),
	(126, 1, 'Kazakhstan', '2019-08-18 01:00:00'),
	(126, 2, 'KazajistÃ¡n', '2019-08-18 00:00:00'),
	(127, 1, 'Laos', '2019-08-18 01:00:00'),
	(127, 2, 'Laos', '2019-08-18 00:00:00'),
	(128, 1, 'Lebanon', '2019-08-18 01:00:00'),
	(128, 2, 'LÃ­bano', '2019-08-18 00:00:00'),
	(129, 1, 'St. Lucia', '2019-08-18 01:00:00'),
	(129, 2, 'Santa LucÃ­a', '2019-08-18 00:00:00'),
	(130, 1, 'Liechtenstein', '2019-08-18 01:00:00'),
	(130, 2, 'Liechtenstein', '2019-08-18 00:00:00'),
	(131, 1, 'Sri Lanka', '2019-08-18 01:00:00'),
	(131, 2, 'Sri Lanka', '2019-08-18 00:00:00'),
	(132, 1, 'Liberia', '2019-08-18 01:00:00'),
	(132, 2, 'Liberia', '2019-08-18 00:00:00'),
	(133, 1, 'Lesotho', '2019-08-18 01:00:00'),
	(133, 2, 'Lesoto', '2019-08-18 00:00:00'),
	(134, 1, 'Lithuania', '2019-08-18 01:00:00'),
	(134, 2, 'Lituania', '2019-08-18 00:00:00'),
	(135, 1, 'Luxembourg', '2019-08-18 01:00:00'),
	(135, 2, 'Luxemburgo', '2019-08-18 00:00:00'),
	(136, 1, 'Latvia', '2019-08-18 01:00:00'),
	(136, 2, 'Letonia', '2019-08-18 00:00:00'),
	(137, 1, 'Libya', '2019-08-18 01:00:00'),
	(137, 2, 'Libia', '2019-08-18 00:00:00'),
	(138, 1, 'Morocco', '2019-08-18 01:00:00'),
	(138, 2, 'Marruecos', '2019-08-18 00:00:00'),
	(139, 1, 'Monaco', '2019-08-18 01:00:00'),
	(139, 2, 'MÃ³naco', '2019-08-18 00:00:00'),
	(140, 1, 'Moldova', '2019-08-18 01:00:00'),
	(140, 2, 'Moldavia', '2019-08-18 00:00:00'),
	(141, 1, 'Madagascar', '2019-08-18 01:00:00'),
	(141, 2, 'Madagascar', '2019-08-18 00:00:00'),
	(142, 1, 'Marshall Islands', '2019-08-18 01:00:00'),
	(142, 2, 'Islas Marshall', '2019-08-18 00:00:00'),
	(143, 1, 'Macedonia', '2019-08-18 01:00:00'),
	(143, 2, 'Macedonia', '2019-08-18 00:00:00'),
	(144, 1, 'Mali', '2019-08-18 01:00:00'),
	(144, 2, 'MalÃ­', '2019-08-18 00:00:00'),
	(145, 1, 'Burma', '2019-08-18 01:00:00'),
	(145, 2, 'Myanmar', '2019-08-18 00:00:00'),
	(146, 1, 'Mongolia', '2019-08-18 01:00:00'),
	(146, 2, 'Mongolia', '2019-08-18 00:00:00'),
	(147, 1, 'Macau', '2019-08-18 01:00:00'),
	(147, 2, 'Macao', '2019-08-18 00:00:00'),
	(148, 1, 'North Mariana Islands', '2019-08-18 01:00:00'),
	(148, 2, 'Islas Marianas del Norte', '2019-08-18 00:00:00'),
	(149, 1, 'Martinique', '2019-08-18 01:00:00'),
	(149, 2, 'Martinica', '2019-08-18 00:00:00'),
	(150, 1, 'Mauretania', '2019-08-18 01:00:00'),
	(150, 2, 'Mauritania', '2019-08-18 00:00:00'),
	(151, 1, 'Montserrat', '2019-08-18 01:00:00'),
	(151, 2, 'Montserrat', '2019-08-18 00:00:00'),
	(152, 1, 'Malta', '2019-08-18 01:00:00'),
	(152, 2, 'Malta', '2019-08-18 00:00:00'),
	(153, 1, 'Mauritius', '2019-08-18 01:00:00'),
	(153, 2, 'Mauricio (Isl.)', '2019-08-18 00:00:00'),
	(154, 1, 'Maldives', '2019-08-18 01:00:00'),
	(154, 2, 'Maldivas', '2019-08-18 00:00:00'),
	(155, 1, 'Malawi', '2019-08-18 01:00:00'),
	(155, 2, 'Malaui', '2019-08-18 00:00:00'),
	(156, 1, 'Mexico', '2019-08-18 01:00:00'),
	(156, 2, 'MÃ©xico', '2019-08-18 00:00:00'),
	(157, 1, 'Malaysia', '2019-08-18 01:00:00'),
	(157, 2, 'Malasia', '2019-08-18 00:00:00'),
	(158, 1, 'Mozambique', '2019-08-18 01:00:00'),
	(158, 2, 'Mozambique', '2019-08-18 00:00:00'),
	(159, 1, 'Namibia', '2019-08-18 01:00:00'),
	(159, 2, 'Namibia', '2019-08-18 00:00:00'),
	(160, 1, 'New Caledonia', '2019-08-18 01:00:00'),
	(160, 2, 'Nueva Caledonia', '2019-08-18 00:00:00'),
	(161, 1, 'Niger', '2019-08-18 01:00:00'),
	(161, 2, 'NÃ­ger', '2019-08-18 00:00:00'),
	(162, 1, 'Norfolk Islands', '2019-08-18 01:00:00'),
	(162, 2, 'Islas Norfolk', '2019-08-18 00:00:00'),
	(163, 1, 'Nigeria', '2019-08-18 01:00:00'),
	(163, 2, 'Nigeria', '2019-08-18 00:00:00'),
	(164, 1, 'Nicaragua', '2019-08-18 01:00:00'),
	(164, 2, 'Nicaragua', '2019-08-18 00:00:00'),
	(165, 1, 'Netherlands', '2019-08-18 01:00:00'),
	(165, 2, 'PaÃ­ses Bajos', '2019-08-18 00:00:00'),
	(166, 1, 'Norway', '2019-08-18 01:00:00'),
	(166, 2, 'Noruega', '2019-08-18 00:00:00'),
	(167, 1, 'Nepal', '2019-08-18 01:00:00'),
	(167, 2, 'Nepal', '2019-08-18 00:00:00'),
	(168, 1, 'Nauru', '2019-08-18 01:00:00'),
	(168, 2, 'Nauru', '2019-08-18 00:00:00'),
	(169, 1, 'NATO', '2019-08-18 01:00:00'),
	(169, 2, 'OTAN', '2019-08-18 00:00:00'),
	(170, 1, 'Niue', '2019-08-18 01:00:00'),
	(170, 2, 'Islas Niue', '2019-08-18 00:00:00'),
	(171, 1, 'New Zealand', '2019-08-18 01:00:00'),
	(171, 2, 'Nueva Zelanda', '2019-08-18 00:00:00'),
	(172, 1, 'Oman', '2019-08-18 01:00:00'),
	(172, 2, 'OmÃ¡n', '2019-08-18 00:00:00'),
	(173, 1, 'Orange', '2019-08-18 01:00:00'),
	(173, 2, 'Naranja', '2019-08-18 00:00:00'),
	(174, 1, 'Panama', '2019-08-18 01:00:00'),
	(174, 2, 'PanamÃ¡', '2019-08-18 00:00:00'),
	(175, 1, 'Peru', '2019-08-18 01:00:00'),
	(175, 2, 'PerÃº', '2019-08-18 00:00:00'),
	(176, 1, 'French Polynesia', '2019-08-18 01:00:00'),
	(176, 2, 'Polinesia francesa', '2019-08-18 00:00:00'),
	(177, 1, 'Papua New Guinea', '2019-08-18 01:00:00'),
	(177, 2, 'PapÃºa Nueva Guinea', '2019-08-18 00:00:00'),
	(178, 1, 'Philippines', '2019-08-18 01:00:00'),
	(178, 2, 'Filipinas', '2019-08-18 00:00:00'),
	(179, 1, 'Pakistan', '2019-08-18 01:00:00'),
	(179, 2, 'PakistÃ¡n', '2019-08-18 00:00:00'),
	(180, 1, 'Poland', '2019-08-18 01:00:00'),
	(180, 2, 'Polonia', '2019-08-18 00:00:00'),
	(181, 1, 'St. Pierre and Miquelon', '2019-08-18 01:00:00'),
	(181, 2, 'St. Pedro y MiquelÃ³n', '2019-08-18 00:00:00'),
	(182, 1, 'Pitcairn Islands', '2019-08-18 01:00:00'),
	(182, 2, 'Islas Pitcairn', '2019-08-18 00:00:00'),
	(183, 1, 'Puerto Rico', '2019-08-18 01:00:00'),
	(183, 2, 'Puerto Rico', '2019-08-18 00:00:00'),
	(184, 1, 'Palestine', '2019-08-18 01:00:00'),
	(184, 2, 'Palestina', '2019-08-18 00:00:00'),
	(185, 1, 'Portugal', '2019-08-18 01:00:00'),
	(185, 2, 'Portugal', '2019-08-18 00:00:00'),
	(186, 1, 'Palau', '2019-08-18 01:00:00'),
	(186, 2, 'Palaos', '2019-08-18 00:00:00'),
	(187, 1, 'Paraguay', '2019-08-18 01:00:00'),
	(187, 2, 'Paraguay', '2019-08-18 00:00:00'),
	(188, 1, 'Qatar', '2019-08-18 01:00:00'),
	(188, 2, 'Qatar', '2019-08-18 00:00:00'),
	(189, 1, 'Reunion', '2019-08-18 01:00:00'),
	(189, 2, 'ReuniÃ³n', '2019-08-18 00:00:00'),
	(190, 1, 'Romania', '2019-08-18 01:00:00'),
	(190, 2, 'RumanÃ­a', '2019-08-18 00:00:00'),
	(191, 1, 'Serbia', '2019-08-18 01:00:00'),
	(192, 1, 'Russian Federation', '2019-08-18 01:00:00'),
	(192, 2, 'FederaciÃ³n Rusa', '2019-08-18 00:00:00'),
	(193, 1, 'Rwanda', '2019-08-18 01:00:00'),
	(193, 2, 'Ruanda', '2019-08-18 00:00:00'),
	(194, 1, 'Saudi Arabia', '2019-08-18 01:00:00'),
	(194, 2, 'Arabia SaudÃ­', '2019-08-18 00:00:00'),
	(195, 1, 'Solomon Islands', '2019-08-18 01:00:00'),
	(195, 2, 'Islas SalomÃ³n', '2019-08-18 00:00:00'),
	(196, 1, 'Seychelles', '2019-08-18 01:00:00'),
	(196, 2, 'Seychelles', '2019-08-18 00:00:00'),
	(197, 1, 'Sudan', '2019-08-18 01:00:00'),
	(197, 2, 'SudÃ¡n', '2019-08-18 00:00:00'),
	(198, 1, 'Sweden', '2019-08-18 01:00:00'),
	(198, 2, 'Suecia', '2019-08-18 00:00:00'),
	(199, 1, 'Singapore', '2019-08-18 01:00:00'),
	(199, 2, 'Singapur', '2019-08-18 00:00:00'),
	(200, 1, 'Saint Helena', '2019-08-18 01:00:00'),
	(200, 2, 'Santa Helena', '2019-08-18 00:00:00'),
	(201, 1, 'Slovenia', '2019-08-18 01:00:00'),
	(201, 2, 'Eslovenia', '2019-08-18 00:00:00'),
	(202, 1, 'Svalbard', '2019-08-18 01:00:00'),
	(202, 2, 'Svalbard', '2019-08-18 00:00:00'),
	(203, 1, 'Slovakia', '2019-08-18 01:00:00'),
	(203, 2, 'Eslovaquia', '2019-08-18 00:00:00'),
	(204, 1, 'Sierra Leone', '2019-08-18 01:00:00'),
	(204, 2, 'Sierra Leona', '2019-08-18 00:00:00'),
	(205, 1, 'San Marino', '2019-08-18 01:00:00'),
	(205, 2, 'San Marino', '2019-08-18 00:00:00'),
	(206, 1, 'Senegal', '2019-08-18 01:00:00'),
	(206, 2, 'Senegal', '2019-08-18 00:00:00'),
	(207, 1, 'Somalia', '2019-08-18 01:00:00'),
	(207, 2, 'Somalia', '2019-08-18 00:00:00'),
	(208, 1, 'Suriname', '2019-08-18 01:00:00'),
	(208, 2, 'Surinam', '2019-08-18 00:00:00'),
	(209, 1, 'South Sudan', '2019-08-18 01:00:00'),
	(209, 2, 'SudÃ¡n del Sur', '2019-08-18 00:00:00'),
	(210, 1, 'Sao Tome and Principe', '2019-08-18 01:00:00'),
	(210, 2, 'Santo TomÃ© y PrÃ­ncipe', '2019-08-18 00:00:00'),
	(211, 1, 'El Salvador', '2019-08-18 01:00:00'),
	(211, 2, 'El Salvador', '2019-08-18 00:00:00'),
	(212, 1, 'Sint Maarten (Dutch part)', '2019-08-18 01:00:00'),
	(212, 2, 'Sint Maarten (parte holandesa)', '2019-08-18 00:00:00'),
	(213, 1, 'Syria', '2019-08-18 01:00:00'),
	(213, 2, 'Siria', '2019-08-18 00:00:00'),
	(214, 1, 'Swaziland', '2019-08-18 01:00:00'),
	(214, 2, 'Suazilandia', '2019-08-18 00:00:00'),
	(215, 1, 'Turks and Caicos Islands', '2019-08-18 01:00:00'),
	(215, 2, 'Islas Turcas y Caicos', '2019-08-18 00:00:00'),
	(216, 1, 'Chad', '2019-08-18 01:00:00'),
	(216, 2, 'Chad', '2019-08-18 00:00:00'),
	(217, 1, 'French Southern and Antarctic Lands', '2019-08-18 01:00:00'),
	(217, 2, 'Tierras Australes y AntÃ¡rticas Francesas', '2019-08-18 00:00:00'),
	(218, 1, 'Togo', '2019-08-18 01:00:00'),
	(218, 2, 'Togo', '2019-08-18 00:00:00'),
	(219, 1, 'Thailand', '2019-08-18 01:00:00'),
	(219, 2, 'Tailandia', '2019-08-18 00:00:00'),
	(220, 1, 'Tajikistan', '2019-08-18 01:00:00'),
	(220, 2, 'TayikistÃ¡n', '2019-08-18 00:00:00'),
	(221, 1, 'Tokelau Islands', '2019-08-18 01:00:00'),
	(221, 2, 'Islas Tokelau', '2019-08-18 00:00:00'),
	(222, 1, 'East Timor', '2019-08-18 01:00:00'),
	(222, 2, 'Timor Oriental', '2019-08-18 00:00:00'),
	(223, 1, 'Turkmenistan', '2019-08-18 01:00:00'),
	(223, 2, 'TurkmenistÃ¡n', '2019-08-18 00:00:00'),
	(224, 1, 'Tunisia', '2019-08-18 01:00:00'),
	(224, 2, 'TÃºnez', '2019-08-18 00:00:00'),
	(225, 1, 'Tonga', '2019-08-18 01:00:00'),
	(225, 2, 'Tonga', '2019-08-18 00:00:00'),
	(226, 1, 'East Timor', '2019-08-18 01:00:00'),
	(226, 2, 'Timor oriental', '2019-08-18 00:00:00'),
	(227, 1, 'Turkey', '2019-08-18 01:00:00'),
	(227, 2, 'TurquÃ­a', '2019-08-18 00:00:00'),
	(228, 1, 'Trinidad and Tobago', '2019-08-18 01:00:00'),
	(228, 2, 'Trinidad y Tobago', '2019-08-18 00:00:00'),
	(229, 1, 'Tuvalu', '2019-08-18 01:00:00'),
	(229, 2, 'Tuvalu', '2019-08-18 00:00:00'),
	(230, 1, 'Taiwan', '2019-08-18 01:00:00'),
	(230, 2, 'Taiwan', '2019-08-18 00:00:00'),
	(231, 1, 'Tanzania', '2019-08-18 01:00:00'),
	(231, 2, 'Tanzania', '2019-08-18 00:00:00'),
	(232, 1, 'Ukraine', '2019-08-18 01:00:00'),
	(232, 2, 'Ucrania', '2019-08-18 00:00:00'),
	(233, 1, 'Uganda', '2019-08-18 01:00:00'),
	(233, 2, 'Uganda', '2019-08-18 00:00:00'),
	(234, 1, 'American Minor Outlying Islands', '2019-08-18 01:00:00'),
	(234, 2, 'Islas menores alejadas de EE.UU.', '2019-08-18 00:00:00'),
	(235, 1, 'United Nations', '2019-08-18 01:00:00'),
	(235, 2, 'Naciones Unidas', '2019-08-18 00:00:00'),
	(236, 1, 'USA', '2019-08-18 01:00:00'),
	(236, 2, 'EE.UU.', '2019-08-18 00:00:00'),
	(237, 1, 'Uruguay', '2019-08-18 01:00:00'),
	(237, 2, 'Uruguay', '2019-08-18 00:00:00'),
	(238, 1, 'Uzbekistan', '2019-08-18 01:00:00'),
	(238, 2, 'UzbekistÃ¡n', '2019-08-18 00:00:00'),
	(239, 1, 'Vatican City', '2019-08-18 01:00:00'),
	(239, 2, 'Ciudad Vaticano', '2019-08-18 00:00:00'),
	(240, 1, 'St. Vincent and the Grenadines', '2019-08-18 01:00:00'),
	(240, 2, 'San Vicente y las Granadinas', '2019-08-18 00:00:00'),
	(241, 1, 'Venezuela', '2019-08-18 01:00:00'),
	(241, 2, 'Venezuela', '2019-08-18 00:00:00'),
	(242, 1, 'British Virgin Islands', '2019-08-18 01:00:00'),
	(242, 2, 'Islas VÃ­rgenes GB', '2019-08-18 00:00:00'),
	(243, 1, 'American Virgin Islands', '2019-08-18 01:00:00'),
	(243, 2, 'Islas VÃ­rgenes (americanas)', '2019-08-18 00:00:00'),
	(244, 1, 'Vietnam', '2019-08-18 01:00:00'),
	(244, 2, 'Vietnam', '2019-08-18 00:00:00'),
	(245, 1, 'Vanuatu', '2019-08-18 01:00:00'),
	(245, 2, 'Vanuatu', '2019-08-18 00:00:00'),
	(246, 1, 'Wallis and Futuna Islands', '2019-08-18 01:00:00'),
	(246, 2, 'Wallis,Futuna', '2019-08-18 00:00:00'),
	(247, 1, 'Samoa', '2019-08-18 01:00:00'),
	(247, 2, 'Samoa Occidental', '2019-08-18 00:00:00'),
	(248, 1, 'Yemen', '2019-08-18 01:00:00'),
	(248, 2, 'Yemen', '2019-08-18 00:00:00'),
	(249, 1, 'Mayotte', '2019-08-18 01:00:00'),
	(249, 2, 'Mayotte', '2019-08-18 00:00:00'),
	(250, 1, 'South Africa', '2019-08-18 01:00:00'),
	(250, 2, 'SudÃ¡frica', '2019-08-18 00:00:00'),
	(251, 1, 'Zambia', '2019-08-18 01:00:00'),
	(251, 2, 'Zambia', '2019-08-18 00:00:00'),
	(252, 1, 'Zimbabwe', '2019-08-18 01:00:00'),
	(252, 2, 'Zimbabue', '2019-08-18 00:00:00');
/*!40000 ALTER TABLE `c_countries_trans` ENABLE KEYS */;

-- Volcando estructura para tabla db_suppliers.c_invoice_status
DROP TABLE IF EXISTS `c_invoice_status`;
CREATE TABLE IF NOT EXISTS `c_invoice_status` (
  `id` int(10) unsigned NOT NULL AUTO_INCREMENT,
  `name` varchar(30) NOT NULL,
  PRIMARY KEY (`id`)
) ENGINE=InnoDB AUTO_INCREMENT=5 DEFAULT CHARSET=utf16;

-- Volcando datos para la tabla db_suppliers.c_invoice_status: ~4 rows (aproximadamente)
/*!40000 ALTER TABLE `c_invoice_status` DISABLE KEYS */;
INSERT INTO `c_invoice_status` (`id`, `name`) VALUES
	(1, 'Recibido'),
	(2, 'Autorizado'),
	(3, 'Rechazado'),
	(4, 'Pagado');
/*!40000 ALTER TABLE `c_invoice_status` ENABLE KEYS */;

-- Volcando estructura para tabla db_suppliers.c_languages_id
DROP TABLE IF EXISTS `c_languages_id`;
CREATE TABLE IF NOT EXISTS `c_languages_id` (
  `id` int(10) unsigned NOT NULL,
  `id_sap` char(2) NOT NULL,
  `created_on` datetime NOT NULL,
  PRIMARY KEY (`id`)
) ENGINE=InnoDB DEFAULT CHARSET=utf16;

-- Volcando datos para la tabla db_suppliers.c_languages_id: ~2 rows (aproximadamente)
/*!40000 ALTER TABLE `c_languages_id` DISABLE KEYS */;
INSERT INTO `c_languages_id` (`id`, `id_sap`, `created_on`) VALUES
	(1, 'EN', '2019-08-18 00:00:00'),
	(2, 'ES', '2019-08-18 00:00:00');
/*!40000 ALTER TABLE `c_languages_id` ENABLE KEYS */;

-- Volcando estructura para tabla db_suppliers.c_languages_trans
DROP TABLE IF EXISTS `c_languages_trans`;
CREATE TABLE IF NOT EXISTS `c_languages_trans` (
  `id_language` int(10) unsigned NOT NULL,
  `tranlation_to` int(10) unsigned NOT NULL,
  `name` varchar(20) NOT NULL,
  `created_on` datetime NOT NULL,
  UNIQUE KEY `c_languages_trans_UN` (`id_language`,`tranlation_to`),
  KEY `c_languages_trans_FK_1` (`tranlation_to`),
  CONSTRAINT `c_languages_trans_FK` FOREIGN KEY (`id_language`) REFERENCES `c_languages_id` (`id`),
  CONSTRAINT `c_languages_trans_FK_1` FOREIGN KEY (`tranlation_to`) REFERENCES `c_languages_id` (`id`)
) ENGINE=InnoDB DEFAULT CHARSET=utf16;

-- Volcando datos para la tabla db_suppliers.c_languages_trans: ~4 rows (aproximadamente)
/*!40000 ALTER TABLE `c_languages_trans` DISABLE KEYS */;
INSERT INTO `c_languages_trans` (`id_language`, `tranlation_to`, `name`, `created_on`) VALUES
	(1, 1, 'English', '2019-08-18 00:00:00'),
	(1, 2, 'Spanish', '2019-08-18 00:00:00'),
	(2, 1, 'InglÃ©s', '2019-08-18 00:00:00'),
	(2, 2, 'EspaÃ±ol', '2019-08-18 00:00:00');
/*!40000 ALTER TABLE `c_languages_trans` ENABLE KEYS */;

-- Volcando estructura para tabla db_suppliers.c_roles_id
DROP TABLE IF EXISTS `c_roles_id`;
CREATE TABLE IF NOT EXISTS `c_roles_id` (
  `id` int(10) unsigned NOT NULL,
  `name` varchar(50) NOT NULL,
  `created_on` datetime NOT NULL,
  PRIMARY KEY (`id`),
  UNIQUE KEY `c_roles_id_UN` (`name`)
) ENGINE=InnoDB DEFAULT CHARSET=utf16;

-- Volcando datos para la tabla db_suppliers.c_roles_id: ~5 rows (aproximadamente)
/*!40000 ALTER TABLE `c_roles_id` DISABLE KEYS */;
INSERT INTO `c_roles_id` (`id`, `name`, `created_on`) VALUES
	(1, 'SUPPLIER_MX', '2019-08-18 00:00:00'),
	(2, 'SUPPLIER_FOREIGN', '2019-08-18 00:00:00'),
	(3, 'PAYABLE_ACCOUNTS', '2019-08-18 00:00:00'),
	(4, 'CUSTOM_BROKER', '2019-08-18 00:00:00'),
	(5, 'ADMINISTRATOR', '2019-08-18 00:00:00');
/*!40000 ALTER TABLE `c_roles_id` ENABLE KEYS */;

-- Volcando estructura para tabla db_suppliers.c_roles_trans
DROP TABLE IF EXISTS `c_roles_trans`;
CREATE TABLE IF NOT EXISTS `c_roles_trans` (
  `id_role` int(10) unsigned NOT NULL,
  `id_language` int(10) unsigned NOT NULL,
  `name` varchar(30) NOT NULL,
  `created_on` datetime NOT NULL,
  PRIMARY KEY (`id_role`,`id_language`),
  KEY `c_roles_trans_FK_1` (`id_language`),
  CONSTRAINT `c_roles_trans_FK` FOREIGN KEY (`id_role`) REFERENCES `c_roles_id` (`id`),
  CONSTRAINT `c_roles_trans_FK_1` FOREIGN KEY (`id_language`) REFERENCES `c_languages_id` (`id`)
) ENGINE=InnoDB DEFAULT CHARSET=utf16;

-- Volcando datos para la tabla db_suppliers.c_roles_trans: ~10 rows (aproximadamente)
/*!40000 ALTER TABLE `c_roles_trans` DISABLE KEYS */;
INSERT INTO `c_roles_trans` (`id_role`, `id_language`, `name`, `created_on`) VALUES
	(1, 1, 'National Supplier', '2019-08-18 00:00:00'),
	(1, 2, 'Proveedor Nacional', '2019-08-18 00:00:00'),
	(2, 1, 'Foreign Supplier', '2019-08-18 00:00:00'),
	(2, 2, 'Proveedor Extranjero', '2019-08-18 00:00:00'),
	(3, 1, 'Payable Accounts', '2019-08-18 00:00:00'),
	(3, 2, 'Cuentas Por Pagar', '2019-08-18 00:00:00'),
	(4, 1, 'Custom Broker', '2019-08-18 00:00:00'),
	(4, 2, 'Agente Aduanal', '2019-08-18 00:00:00'),
	(5, 1, 'Administrator', '2019-08-18 00:00:00'),
	(5, 2, 'Administrador', '2019-08-18 00:00:00');
/*!40000 ALTER TABLE `c_roles_trans` ENABLE KEYS */;

-- Volcando estructura para tabla db_suppliers.t_announcements
DROP TABLE IF EXISTS `t_announcements`;
CREATE TABLE IF NOT EXISTS `t_announcements` (
  `id` int(10) unsigned NOT NULL AUTO_INCREMENT,
  `date` date NOT NULL,
  `subject` varchar(150) NOT NULL,
  `body` varchar(1000) NOT NULL,
  `file_name` varchar(100) DEFAULT NULL,
  `estatus` int(1) NOT NULL DEFAULT '1',
  PRIMARY KEY (`id`)
) ENGINE=InnoDB AUTO_INCREMENT=265 DEFAULT CHARSET=utf16;

-- Volcando datos para la tabla db_suppliers.t_announcements: ~6 rows (aproximadamente)
/*!40000 ALTER TABLE `t_announcements` DISABLE KEYS */;
INSERT INTO `t_announcements` (`id`, `date`, `subject`, `body`, `file_name`, `estatus`) VALUES
	(240, '2019-09-26', 'PRUEBA', 'PREVIAMENTE SE LES INFORMA ', '2007998.pdf', 0),
	(260, '2019-11-13', 'PRUEBA  PARA MENSAJES', 'PRUEBA PARA MENSAJES', 'PCBE.xlsx', 0),
	(261, '2019-11-13', 'prueba 2', 'prueba2', NULL, 0),
	(262, '2019-11-13', 'no trabajo', 'no se trabaja el 18', NULL, 0),
	(263, '2020-01-27', 'Hola', 'Hola', NULL, 0),
	(264, '2020-01-27', 'Prueba', 'Prueba', '2202985 OK.pdf', 1);
/*!40000 ALTER TABLE `t_announcements` ENABLE KEYS */;

-- Volcando estructura para tabla db_suppliers.t_contact_messages
DROP TABLE IF EXISTS `t_contact_messages`;
CREATE TABLE IF NOT EXISTS `t_contact_messages` (
  `id` int(10) unsigned NOT NULL AUTO_INCREMENT,
  `date` date NOT NULL,
  `subject` varchar(100) NOT NULL,
  `body` varchar(1000) NOT NULL,
  `sender_id` int(10) unsigned NOT NULL,
  `estatus` varchar(1) DEFAULT '1',
  PRIMARY KEY (`id`),
  KEY `t_contact_messages_FK` (`sender_id`),
  CONSTRAINT `t_contact_messages_FK` FOREIGN KEY (`sender_id`) REFERENCES `users` (`id`)
) ENGINE=InnoDB AUTO_INCREMENT=102 DEFAULT CHARSET=utf16;

-- Volcando datos para la tabla db_suppliers.t_contact_messages: ~3 rows (aproximadamente)
/*!40000 ALTER TABLE `t_contact_messages` DISABLE KEYS */;
INSERT INTO `t_contact_messages` (`id`, `date`, `subject`, `body`, `sender_id`, `estatus`) VALUES
	(80, '2019-09-27', 'AYUDA', 'SOY EL PROVEEDOR SUSANA LOPEZ Y SOLICITO AYUDA PARA SUBIR MI COMPLEMENTO ', 400, '1'),
	(100, '2019-11-13', 'Solicitud de Cambio de Correo Electrónico.', 'El usuario MARIA DE LA LUZ candelas del proveedor CANDELAS MENDIOLA MA DE LA LUZ solicita se cambie su dirección de correo electrónico.\n\nNuevo Correo: MLUZ_2000@MSN.COM\n\nMotivo: cambio de correo', 506, '1'),
	(101, '2019-11-13', 'portal  no me deja  subir facturas', 'portal no me deja subir', 506, '1');
/*!40000 ALTER TABLE `t_contact_messages` ENABLE KEYS */;

-- Volcando estructura para tabla db_suppliers.t_invoices
DROP TABLE IF EXISTS `t_invoices`;
CREATE TABLE IF NOT EXISTS `t_invoices` (
  `id` int(10) unsigned NOT NULL AUTO_INCREMENT,
  `reference` varchar(30) DEFAULT NULL,
  `amount` double NOT NULL,
  `currency` varchar(10) NOT NULL,
  `uuid` varchar(50) NOT NULL,
  `doc_type` varchar(10) NOT NULL,
  `company_id` int(10) unsigned NOT NULL,
  `supplier_id` int(10) unsigned NOT NULL,
  `invoice_date` date NOT NULL,
  `withDelivery` tinyint(1) NOT NULL DEFAULT '0',
  `sap_prelim_doc_num` varchar(20) DEFAULT NULL,
  `sap_fiscal_year` varchar(4) DEFAULT NULL,
  `sap_company` varchar(4) DEFAULT NULL,
  `status_id` int(10) unsigned zerofill NOT NULL,
  `comments` varchar(300) DEFAULT NULL,
  `created_on` date NOT NULL,
  `concepto` varchar(300) DEFAULT NULL,
  `no_factura` varchar(100) DEFAULT NULL,
  `no_provedor_sap` varchar(100) DEFAULT NULL,
  `rfc_emisor` varchar(15) DEFAULT NULL,
  `rfc_receptor` varchar(15) DEFAULT NULL,
  `tipo_factura` varchar(1) DEFAULT NULL,
  `tipo_proveedor` varchar(1) DEFAULT NULL,
  `tipo_cfdi` varchar(100) DEFAULT NULL,
  `fecha_cfdi` date DEFAULT NULL,
  `fecha_contab` date DEFAULT NULL,
  `folio_cfdi` varchar(100) DEFAULT NULL,
  `tasa` varchar(50) DEFAULT NULL,
  `uso_cfdi` varchar(50) DEFAULT NULL,
  `forma_pago` varchar(50) DEFAULT NULL,
  `metodo_pago` varchar(50) DEFAULT NULL,
  `total_importe_ret` double DEFAULT NULL,
  `tipo_cambio` varchar(50) DEFAULT NULL,
  `serie` varchar(50) DEFAULT NULL,
  `total_retenciones` double DEFAULT NULL,
  PRIMARY KEY (`id`),
  KEY `t_invoices_FK` (`company_id`),
  KEY `t_invoices_FK_1` (`supplier_id`),
  KEY `t_invoices_FK_2` (`status_id`),
  CONSTRAINT `t_invoices_FK` FOREIGN KEY (`company_id`) REFERENCES `c_companies` (`id`),
  CONSTRAINT `t_invoices_FK_1` FOREIGN KEY (`supplier_id`) REFERENCES `t_suppliers` (`id`),
  CONSTRAINT `t_invoices_FK_2` FOREIGN KEY (`status_id`) REFERENCES `c_invoice_status` (`id`)
) ENGINE=InnoDB AUTO_INCREMENT=740 DEFAULT CHARSET=utf16;

-- Volcando datos para la tabla db_suppliers.t_invoices: ~223 rows (aproximadamente)
/*!40000 ALTER TABLE `t_invoices` DISABLE KEYS */;
INSERT INTO `t_invoices` (`id`, `reference`, `amount`, `currency`, `uuid`, `doc_type`, `company_id`, `supplier_id`, `invoice_date`, `withDelivery`, `sap_prelim_doc_num`, `sap_fiscal_year`, `sap_company`, `status_id`, `comments`, `created_on`, `concepto`, `no_factura`, `no_provedor_sap`, `rfc_emisor`, `rfc_receptor`, `tipo_factura`, `tipo_proveedor`, `tipo_cfdi`, `fecha_cfdi`, `fecha_contab`, `folio_cfdi`, `tasa`, `uso_cfdi`, `forma_pago`, `metodo_pago`, `total_importe_ret`, `tipo_cambio`, `serie`, `total_retenciones`) VALUES
	(60, 'LBQ', 6499.25, 'MXN', '0AC701B7-4664-47A5-A74D-8D3BF687B62C', 'I', 1, 612, '2018-12-01', 1, '5105618915', '2019', 'ZMX1', 0000000001, NULL, '2019-09-26', '', '', '', NULL, NULL, NULL, NULL, NULL, NULL, NULL, NULL, NULL, NULL, NULL, NULL, NULL, NULL, NULL, NULL),
	(61, 'LBQ', 13164.15, 'MXN', '4A289474-F7E5-4F91-B568-D23BAC687072', 'I', 1, 612, '2018-05-08', 1, '5105618916', '2019', 'ZMX1', 0000000001, NULL, '2019-09-26', '', '', '', NULL, NULL, NULL, NULL, NULL, NULL, NULL, NULL, NULL, NULL, NULL, NULL, NULL, NULL, NULL, NULL),
	(62, '26780', 26880, 'MXN', '9E4E13F1-CC91-4CCE-A37E-9F5999E0779D', 'I', 1, 759, '2019-09-16', 0, '0002007150', '2019', 'ZMX1', 0000000002, '', '2019-09-26', '', '', '', NULL, NULL, NULL, NULL, NULL, NULL, NULL, NULL, NULL, NULL, NULL, NULL, NULL, NULL, NULL, NULL),
	(63, '22709', 7813.4, 'MXN', '8147F579-585C-43C4-B5D7-9E560B256D3B', 'I', 1, 759, '2019-09-08', 0, '0002007151', '2019', 'ZMX1', 0000000002, '', '2019-09-26', '', '', '', NULL, NULL, NULL, NULL, NULL, NULL, NULL, NULL, NULL, NULL, NULL, NULL, NULL, NULL, NULL, NULL),
	(64, '22710', 1120, 'MXN', 'D83F46D5-2C4C-41A5-BCF3-2D8FB9DA46D4', 'I', 1, 759, '2019-09-08', 0, '0002007152', '2019', 'ZMX1', 0000000002, '', '2019-09-26', '', '', '', NULL, NULL, NULL, NULL, NULL, NULL, NULL, NULL, NULL, NULL, NULL, NULL, NULL, NULL, NULL, NULL),
	(80, '22710', 1120, 'MXN', 'D83F46D5-2C4C-41A5-BCF3-2D8FB9DA46D4', 'I', 1, 759, '2019-09-08', 0, '0002007153', '2019', 'ZMX1', 0000000002, '', '2019-09-26', '', '', '', NULL, NULL, NULL, NULL, NULL, NULL, NULL, NULL, NULL, NULL, NULL, NULL, NULL, NULL, NULL, NULL),
	(81, 'LBQ', 4305.8, 'MXN', '6D4E4801-CB13-4C69-B4DA-1A3E49FDEC48', 'I', 1, 612, '2019-09-02', 1, '5105618917', '2019', 'ZMX1', 0000000001, NULL, '2019-09-26', '', '', '', NULL, NULL, NULL, NULL, NULL, NULL, NULL, NULL, NULL, NULL, NULL, NULL, NULL, NULL, NULL, NULL),
	(82, 'LBQ', 4305.8, 'MXN', '6D4E4801-CB13-4C69-B4DA-1A3E49FDEC48', 'I', 1, 612, '2019-09-02', 0, '0002007155', '2019', 'ZMX1', 0000000003, '', '2019-09-26', '', '', '', NULL, NULL, NULL, NULL, NULL, NULL, NULL, NULL, NULL, NULL, NULL, NULL, NULL, NULL, NULL, NULL),
	(83, 'LBQ', 4305.8, 'MXN', '6D4E4801-CB13-4C69-B4DA-1A3E49FDEC48', 'I', 1, 7, '2019-09-02', 1, '5105618920', '2019', 'ZMX1', 0000000001, NULL, '2019-09-26', '', '', '', NULL, NULL, NULL, NULL, NULL, NULL, NULL, NULL, NULL, NULL, NULL, NULL, NULL, NULL, NULL, NULL),
	(84, 'LBQ', 4305.8, 'MXN', '6D4E4801-CB13-4C69-B4DA-1A3E49FDEC48', 'I', 1, 7, '2019-09-02', 1, '5105618921', '2019', 'ZMX1', 0000000001, NULL, '2019-09-26', '', '', '', NULL, NULL, NULL, NULL, NULL, NULL, NULL, NULL, NULL, NULL, NULL, NULL, NULL, NULL, NULL, NULL),
	(85, '1551', 22160, 'MXN', '343966FC-E37B-4565-8B83-313C188C1BDD', 'I', 1, 216, '2019-09-02', 0, '0002007158', '2019', 'ZMX1', 0000000002, '', '2019-09-27', '', '', '', NULL, NULL, NULL, NULL, NULL, NULL, NULL, NULL, NULL, NULL, NULL, NULL, NULL, NULL, NULL, NULL),
	(86, 'LBQ', 4305.8, 'MXN', '6D4E4801-CB13-4C69-B4DA-1A3E49FDEC48', 'I', 1, 612, '2019-09-02', 1, '5105618922', '2019', 'ZMX1', 0000000001, NULL, '2019-09-27', '', '', '', NULL, NULL, NULL, NULL, NULL, NULL, NULL, NULL, NULL, NULL, NULL, NULL, NULL, NULL, NULL, NULL),
	(87, 'LBQ', 4305.8, 'MXN', '6D4E4801-CB13-4C69-B4DA-1A3E49FDEC48', 'I', 1, 612, '2019-09-02', 0, '0002007160', '2019', 'ZMX1', 0000000002, '', '2019-09-27', '', '', '', NULL, NULL, NULL, NULL, NULL, NULL, NULL, NULL, NULL, NULL, NULL, NULL, NULL, NULL, NULL, NULL),
	(100, 'LBQ', 13164.15, 'MXN', '4A289474-F7E5-4F91-B568-D23BAC687072', 'I', 1, 612, '2018-05-08', 1, '5105618982', '2019', 'ZMX1', 0000000001, NULL, '2019-10-11', '', '', '', NULL, NULL, NULL, NULL, NULL, NULL, NULL, NULL, NULL, NULL, NULL, NULL, NULL, NULL, NULL, NULL),
	(101, 'LBQ', 6499.25, 'MXN', '0AC701B7-4664-47A5-A74D-8D3BF687B62C', 'I', 1, 612, '2018-12-01', 1, '5105618983', '2019', 'ZMX1', 0000000001, NULL, '2019-10-11', '', '', '', NULL, NULL, NULL, NULL, NULL, NULL, NULL, NULL, NULL, NULL, NULL, NULL, NULL, NULL, NULL, NULL),
	(102, '29', 4766.66, 'USD', '8277169D-FD81-4D7A-830D-6CCCC5897291', 'I', 1, 347, '2019-10-02', 1, '5105618984', '2019', 'ZMX1', 0000000001, NULL, '2019-10-11', '', '', '', NULL, NULL, NULL, NULL, NULL, NULL, NULL, NULL, NULL, NULL, NULL, NULL, NULL, NULL, NULL, NULL),
	(103, '29', 4766.66, 'USD', '8277169D-FD81-4D7A-830D-6CCCC5897291', 'I', 1, 347, '2019-10-02', 1, '5105618985', '2019', 'ZMX1', 0000000001, NULL, '2019-10-11', '', '', '', NULL, NULL, NULL, NULL, NULL, NULL, NULL, NULL, NULL, NULL, NULL, NULL, NULL, NULL, NULL, NULL),
	(104, 'LBQ', 13164.15, 'MXN', '4A289474-F7E5-4F91-B568-D23BAC687072', 'I', 1, 612, '2018-05-08', 1, '5105618986', '2019', 'ZMX1', 0000000001, NULL, '2019-10-12', '', '', '', NULL, NULL, NULL, NULL, NULL, NULL, NULL, NULL, NULL, NULL, NULL, NULL, NULL, NULL, NULL, NULL),
	(120, '29', 4766.66, 'USD', '8277169D-FD81-4D7A-830D-6CCCC5897291', 'I', 1, 347, '2019-10-02', 1, '5105618988', '2019', 'ZMX1', 0000000001, NULL, '2019-10-12', '', '', '', NULL, NULL, NULL, NULL, NULL, NULL, NULL, NULL, NULL, NULL, NULL, NULL, NULL, NULL, NULL, NULL),
	(140, '', 1555.55, '', '', 'I', 1, 107, '2019-06-25', 1, '', '1898', '5105', 0000000001, NULL, '2019-10-12', '', '', '', NULL, NULL, NULL, NULL, NULL, NULL, NULL, NULL, NULL, NULL, NULL, NULL, NULL, NULL, NULL, NULL),
	(141, 'LBQ', 13164.15, 'MXN', '4A289474-F7E5-4F91-B568-D23BAC687072', 'I', 1, 612, '2018-05-08', 1, '5105618990', '2019', 'ZMX1', 0000000001, NULL, '2019-10-12', '', '', '', NULL, NULL, NULL, NULL, NULL, NULL, NULL, NULL, NULL, NULL, NULL, NULL, NULL, NULL, NULL, NULL),
	(160, '', 1555.5, '', '', 'I', 1, 107, '2019-06-25', 1, '', '1899', '5105', 0000000001, NULL, '2019-10-13', '', '', '', NULL, NULL, NULL, NULL, NULL, NULL, NULL, NULL, NULL, NULL, NULL, NULL, NULL, NULL, NULL, NULL),
	(180, '26780', 26880, 'MXN', '9E4E13F1-CC91-4CCE-A37E-9F5999E0779D', 'I', 1, 759, '2019-09-16', 0, '0002007214', '2019', 'ZMX1', 0000000002, '', '2019-10-13', '', '', '', NULL, NULL, NULL, NULL, NULL, NULL, NULL, NULL, NULL, NULL, NULL, NULL, NULL, NULL, NULL, NULL),
	(200, '26780', 26880, 'MXN', '9E4E13F1-CC91-4CCE-A37E-9F5999E0779D', 'I', 1, 759, '2019-09-16', 0, '0002007216', '2019', 'ZMX1', 0000000002, '', '2019-10-13', '', '', '', NULL, NULL, NULL, NULL, NULL, NULL, NULL, NULL, NULL, NULL, NULL, NULL, NULL, NULL, NULL, NULL),
	(201, '29', 4766.66, 'USD', '8277169D-FD81-4D7A-830D-6CCCC5897291', 'I', 1, 347, '2019-10-02', 1, '5105619000', '2019', 'ZMX1', 0000000001, NULL, '2019-10-13', '', '', '', NULL, NULL, NULL, NULL, NULL, NULL, NULL, NULL, NULL, NULL, NULL, NULL, NULL, NULL, NULL, NULL),
	(220, '0050234013', 25034.58, 'USD', 'C34477B6-59E6-49B9-95AF-01CE745B25E8', 'I', 2, 7, '2019-09-19', 0, '0002002796', '2019', 'ZMX2', 0000000002, '', '2019-10-14', '', '', '', NULL, NULL, NULL, NULL, NULL, NULL, NULL, NULL, NULL, NULL, NULL, NULL, NULL, NULL, NULL, NULL),
	(240, '0050234013', 25034.58, 'USD', 'C34477B6-59E6-49B9-95AF-01CE745B25E8', 'I', 2, 7, '2019-09-19', 0, '0002002797', '2019', 'ZMX2', 0000000002, '', '2019-10-14', '', '', '', NULL, NULL, NULL, NULL, NULL, NULL, NULL, NULL, NULL, NULL, NULL, NULL, NULL, NULL, NULL, NULL),
	(260, '26780', 26880, 'MXN', '9E4E13F1-CC91-4CCE-A37E-9F5999E0779D', 'I', 1, 7, '2019-09-16', 0, '0002007222', '2019', 'ZMX1', 0000000002, '', '2019-10-14', '', '', '', NULL, NULL, NULL, NULL, NULL, NULL, NULL, NULL, NULL, NULL, NULL, NULL, NULL, NULL, NULL, NULL),
	(280, 'LBQ', 13164.15, 'MXN', '4A289474-F7E5-4F91-B568-D23BAC687072', 'I', 1, 7, '2018-05-08', 1, '5105619013', '2019', 'ZMX1', 0000000001, NULL, '2019-10-14', '', '', '', NULL, NULL, NULL, NULL, NULL, NULL, NULL, NULL, NULL, NULL, NULL, NULL, NULL, NULL, NULL, NULL),
	(281, 'LBQ', 13164.15, 'MXN', '4A289474-F7E5-4F91-B568-D23BAC687072', 'I', 1, 7, '2018-05-08', 1, '5105619014', '2019', 'ZMX1', 0000000001, NULL, '2019-10-15', '', '', '', NULL, NULL, NULL, NULL, NULL, NULL, NULL, NULL, NULL, NULL, NULL, NULL, NULL, NULL, NULL, NULL),
	(282, 'LBQ', 13164.15, 'MXN', '4A289474-F7E5-4F91-B568-D23BAC687072', 'I', 1, 612, '2018-05-08', 1, '5105619015', '2019', 'ZMX1', 0000000001, NULL, '2019-10-15', '', '', '', NULL, NULL, NULL, NULL, NULL, NULL, NULL, NULL, NULL, NULL, NULL, NULL, NULL, NULL, NULL, NULL),
	(283, 'LBQ', 13164.15, 'MXN', '4A289474-F7E5-4F91-B568-D23BAC687072', 'I', 1, 612, '2018-05-08', 1, '5105619016', '2019', 'ZMX1', 0000000001, NULL, '2019-10-15', '', '', '', NULL, NULL, NULL, NULL, NULL, NULL, NULL, NULL, NULL, NULL, NULL, NULL, NULL, NULL, NULL, NULL),
	(284, 'LBQ', 13164.15, 'MXN', '4A289474-F7E5-4F91-B568-D23BAC687072', 'I', 1, 612, '2018-05-08', 1, '5105619017', '2019', 'ZMX1', 0000000001, NULL, '2019-10-15', '', '', '', NULL, NULL, NULL, NULL, NULL, NULL, NULL, NULL, NULL, NULL, NULL, NULL, NULL, NULL, NULL, NULL),
	(300, 'LBQ', 13164.15, 'MXN', '4A289474-F7E5-4F91-B568-D23BAC687072', 'I', 1, 7, '2018-05-08', 1, '5105619021', '2019', 'ZMX1', 0000000001, NULL, '2019-10-15', '', '', '', NULL, NULL, NULL, NULL, NULL, NULL, NULL, NULL, NULL, NULL, NULL, NULL, NULL, NULL, NULL, NULL),
	(301, 'LBQ', 13164.15, 'MXN', '4A289474-F7E5-4F91-B568-D23BAC687072', 'I', 1, 7, '2018-05-08', 1, '5105619022', '2019', 'ZMX1', 0000000001, NULL, '2019-10-15', '', '', '', NULL, NULL, NULL, NULL, NULL, NULL, NULL, NULL, NULL, NULL, NULL, NULL, NULL, NULL, NULL, NULL),
	(302, 'LBQ', 13164.15, 'MXN', '4A289474-F7E5-4F91-B568-D23BAC687072', 'I', 1, 612, '2018-05-08', 1, '5105619023', '2019', 'ZMX1', 0000000001, NULL, '2019-10-15', '', '', '', NULL, NULL, NULL, NULL, NULL, NULL, NULL, NULL, NULL, NULL, NULL, NULL, NULL, NULL, NULL, NULL),
	(320, 'LBQ', 13164.15, 'MXN', '4A289474-F7E5-4F91-B568-D23BAC687072', 'I', 1, 7, '2018-05-08', 1, '5105619030', '2019', 'ZMX1', 0000000001, NULL, '2019-10-15', '', '', '', NULL, NULL, NULL, NULL, NULL, NULL, NULL, NULL, NULL, NULL, NULL, NULL, NULL, NULL, NULL, NULL),
	(321, '29', 4766.66, 'USD', '8277169D-FD81-4D7A-830D-6CCCC5897291', 'I', 1, 347, '2019-10-02', 0, '0002007255', '2019', 'ZMX1', 0000000002, '', '2019-10-15', '', '', '', NULL, NULL, NULL, NULL, NULL, NULL, NULL, NULL, NULL, NULL, NULL, NULL, NULL, NULL, NULL, NULL),
	(322, '29', 4766.66, 'USD', '8277169D-FD81-4D7A-830D-6CCCC5897291', 'I', 1, 7, '2019-10-02', 1, '5105619040', '2019', 'ZMX1', 0000000001, NULL, '2019-10-16', '', '', '', NULL, NULL, NULL, NULL, NULL, NULL, NULL, NULL, NULL, NULL, NULL, NULL, NULL, NULL, NULL, NULL),
	(340, '15290', 1120, 'MXN', '1CF0F9DF-E9A2-42C6-8614-081C4015F0DA', 'I', 1, 759, '2019-10-13', 0, '0002007257', '2019', 'ZMX1', 0000000002, '', '2019-10-16', '', '', '', NULL, NULL, NULL, NULL, NULL, NULL, NULL, NULL, NULL, NULL, NULL, NULL, NULL, NULL, NULL, NULL),
	(341, '15290', 1120, 'MXN', '1CF0F9DF-E9A2-42C6-8614-081C4015F0DA', 'I', 1, 759, '2019-10-13', 0, '0002007258', '2019', 'ZMX1', 0000000003, '', '2019-10-16', '', '', '', NULL, NULL, NULL, NULL, NULL, NULL, NULL, NULL, NULL, NULL, NULL, NULL, NULL, NULL, NULL, NULL),
	(360, '0150233930', 14051.43, 'USD', '45B05111-D6B9-4405-BA60-8A04722A4E6B', 'I', 2, 7, '2019-09-17', 1, '5105619050', '2019', 'ZMX2', 0000000001, NULL, '2019-10-16', '', '', '', NULL, NULL, NULL, NULL, NULL, NULL, NULL, NULL, NULL, NULL, NULL, NULL, NULL, NULL, NULL, NULL),
	(361, '0150233930', 14051.43, 'USD', '45B05111-D6B9-4405-BA60-8A04722A4E6B', 'I', 2, 7, '2019-09-17', 1, '5105619052', '2019', 'ZMX2', 0000000001, NULL, '2019-10-16', '', '', '', NULL, NULL, NULL, NULL, NULL, NULL, NULL, NULL, NULL, NULL, NULL, NULL, NULL, NULL, NULL, NULL),
	(362, '0150233930', 14051.43, 'USD', '45B05111-D6B9-4405-BA60-8A04722A4E6B', 'I', 2, 7, '2019-09-17', 1, '5105619053', '2019', 'ZMX2', 0000000001, NULL, '2019-10-16', '', '', '', NULL, NULL, NULL, NULL, NULL, NULL, NULL, NULL, NULL, NULL, NULL, NULL, NULL, NULL, NULL, NULL),
	(363, '0150234155', 6235, 'USD', 'A99B9DC4-C311-4628-94DC-3AFDB9DCC98E', 'I', 2, 7, '2019-09-25', 0, '0002002802', '2019', 'ZMX2', 0000000002, '', '2019-10-16', '', '', '', NULL, NULL, NULL, NULL, NULL, NULL, NULL, NULL, NULL, NULL, NULL, NULL, NULL, NULL, NULL, NULL),
	(364, '850', 12618.48, 'MXN', '3CAE86C1-7076-4792-84D1-556498283BF6', 'I', 1, 781, '2019-10-01', 1, '5105619054', '2019', 'ZMX1', 0000000001, NULL, '2019-10-16', '', '', '', NULL, NULL, NULL, NULL, NULL, NULL, NULL, NULL, NULL, NULL, NULL, NULL, NULL, NULL, NULL, NULL),
	(365, '850', 12618.48, 'MXN', '3CAE86C1-7076-4792-84D1-556498283BF6', 'I', 1, 781, '2019-10-01', 0, '0002007260', '2019', 'ZMX1', 0000000002, '', '2019-10-16', '', '', '', NULL, NULL, NULL, NULL, NULL, NULL, NULL, NULL, NULL, NULL, NULL, NULL, NULL, NULL, NULL, NULL),
	(366, '0150233930', 14051.43, 'USD', '45B05111-D6B9-4405-BA60-8A04722A4E6B', 'I', 2, 7, '2019-09-17', 1, '5105619055', '2019', 'ZMX2', 0000000001, NULL, '2019-10-16', '', '', '', NULL, NULL, NULL, NULL, NULL, NULL, NULL, NULL, NULL, NULL, NULL, NULL, NULL, NULL, NULL, NULL),
	(367, '0150233930', 14051.43, 'USD', '45B05111-D6B9-4405-BA60-8A04722A4E6B', 'I', 2, 7, '2019-09-17', 1, '5105619056', '2019', 'ZMX2', 0000000001, NULL, '2019-10-16', '', '', '', NULL, NULL, NULL, NULL, NULL, NULL, NULL, NULL, NULL, NULL, NULL, NULL, NULL, NULL, NULL, NULL),
	(368, '0150233930', 14051.43, 'USD', '45B05111-D6B9-4405-BA60-8A04722A4E6B', 'I', 2, 7, '2019-09-17', 1, '5105619058', '2019', 'ZMX2', 0000000001, NULL, '2019-10-17', '', '', '', NULL, NULL, NULL, NULL, NULL, NULL, NULL, NULL, NULL, NULL, NULL, NULL, NULL, NULL, NULL, NULL),
	(369, '0150233930', 14051.43, 'USD', '45B05111-D6B9-4405-BA60-8A04722A4E6B', 'I', 2, 7, '2019-09-17', 1, '5105619059', '2019', 'ZMX2', 0000000001, NULL, '2019-10-17', '', '', '', NULL, NULL, NULL, NULL, NULL, NULL, NULL, NULL, NULL, NULL, NULL, NULL, NULL, NULL, NULL, NULL),
	(370, '0150233930', 14051.43, 'USD', '45B05111-D6B9-4405-BA60-8A04722A4E6B', 'I', 2, 7, '2019-09-17', 1, '5105619060', '2019', 'ZMX2', 0000000001, NULL, '2019-10-17', '', '', '', NULL, NULL, NULL, NULL, NULL, NULL, NULL, NULL, NULL, NULL, NULL, NULL, NULL, NULL, NULL, NULL),
	(371, '0150233930', 14051.43, 'USD', '45B05111-D6B9-4405-BA60-8A04722A4E6B', 'I', 2, 7, '2019-09-17', 1, '5105619061', '2019', 'ZMX2', 0000000001, NULL, '2019-10-17', '', '', '', NULL, NULL, NULL, NULL, NULL, NULL, NULL, NULL, NULL, NULL, NULL, NULL, NULL, NULL, NULL, NULL),
	(372, '0150233930', 14051.43, 'USD', '45B05111-D6B9-4405-BA60-8A04722A4E6B', 'I', 2, 7, '2019-09-17', 1, '5105619062', '2019', 'ZMX2', 0000000001, NULL, '2019-10-17', '', '', '', NULL, NULL, NULL, NULL, NULL, NULL, NULL, NULL, NULL, NULL, NULL, NULL, NULL, NULL, NULL, NULL),
	(373, '', 1555.5, '', '', 'I', 1, 107, '2019-06-25', 1, '', '1906', '5105', 0000000001, NULL, '2019-10-17', '', '', '', NULL, NULL, NULL, NULL, NULL, NULL, NULL, NULL, NULL, NULL, NULL, NULL, NULL, NULL, NULL, NULL),
	(374, '', 5678.9, 'mxn', '', 'I', 1, 107, '2019-10-01', 0, '0002007262', '2019', 'ZMX1', 0000000003, '', '2019-10-17', '', '', '', NULL, NULL, NULL, NULL, NULL, NULL, NULL, NULL, NULL, NULL, NULL, NULL, NULL, NULL, NULL, NULL),
	(375, '15290', 1120, 'MXN', '1CF0F9DF-E9A2-42C6-8614-081C4015F0DA', 'I', 1, 759, '2019-10-13', 0, '0002007263', '2019', 'ZMX1', 0000000003, '', '2019-10-17', '', '', '', NULL, NULL, NULL, NULL, NULL, NULL, NULL, NULL, NULL, NULL, NULL, NULL, NULL, NULL, NULL, NULL),
	(376, '', 3456.9, 'MXN', '', 'I', 1, 107, '2019-10-01', 0, '0002007264', '2019', 'ZMX1', 0000000003, '', '2019-10-17', '', '', '', NULL, NULL, NULL, NULL, NULL, NULL, NULL, NULL, NULL, NULL, NULL, NULL, NULL, NULL, NULL, NULL),
	(380, '29', 4766.66, 'USD', '8277169D-FD81-4D7A-830D-6CCCC5897291', 'I', 1, 347, '2019-10-02', 0, '0002007265', '2019', 'ZMX1', 0000000002, '', '2019-10-17', '', '', '', NULL, NULL, NULL, NULL, NULL, NULL, NULL, NULL, NULL, NULL, NULL, NULL, NULL, NULL, NULL, NULL),
	(400, '0150234311', 4397.94, 'USD', 'BD8C1651-A7D5-4C8B-894A-CC2E19826F7A', 'I', 2, 7, '2019-10-02', 1, '5105619070', '2019', 'ZMX2', 0000000001, NULL, '2019-10-18', '', '', '', NULL, NULL, NULL, NULL, NULL, NULL, NULL, NULL, NULL, NULL, NULL, NULL, NULL, NULL, NULL, NULL),
	(420, '15290', 1120, 'MXN', '1CF0F9DF-E9A2-42C6-8614-081C4015F0DA', 'I', 1, 7, '2018-01-18', 0, '0002007304', '2019', 'ZMX1', 0000000003, '', '2019-10-21', '', '', '', NULL, NULL, NULL, NULL, NULL, NULL, NULL, NULL, NULL, NULL, NULL, NULL, NULL, NULL, NULL, NULL),
	(421, '850', 12618.48, 'MXN', '3CAE86C1-7076-4792-84D1-556498283BF6', 'I', 1, 7, '2019-10-01', 0, '0002007305', '2019', 'ZMX1', 0000000002, '', '2019-10-21', '', '', '', NULL, NULL, NULL, NULL, NULL, NULL, NULL, NULL, NULL, NULL, NULL, NULL, NULL, NULL, NULL, NULL),
	(422, '29', 4766.66, 'USD', '8277169D-FD81-4D7A-830D-6CCCC5897291', 'I', 1, 7, '2019-10-02', 0, '0002007306', '2019', 'ZMX1', 0000000002, '', '2019-10-21', '', '', '', NULL, NULL, NULL, NULL, NULL, NULL, NULL, NULL, NULL, NULL, NULL, NULL, NULL, NULL, NULL, NULL),
	(423, '29', 4766.66, 'USD', '8277169D-FD81-4D7A-830D-6CCCC5897291', 'I', 1, 7, '2019-10-02', 0, '0002007307', '2019', 'ZMX1', 0000000002, '', '2019-10-21', '', '', '', NULL, NULL, NULL, NULL, NULL, NULL, NULL, NULL, NULL, NULL, NULL, NULL, NULL, NULL, NULL, NULL),
	(424, '29', 4766.66, 'USD', '8277169D-FD81-4D7A-830D-6CCCC5897291', 'I', 1, 347, '2019-10-02', 0, '0002007308', '2019', 'ZMX1', 0000000003, '', '2019-10-21', '', '', '', NULL, NULL, NULL, NULL, NULL, NULL, NULL, NULL, NULL, NULL, NULL, NULL, NULL, NULL, NULL, NULL),
	(425, '29', 4766.66, 'USD', '8277169D-FD81-4D7A-830D-6CCCC5897291', 'I', 1, 347, '2019-10-02', 1, '5105619080', '2019', 'ZMX1', 0000000001, NULL, '2019-10-21', '', '', '', NULL, NULL, NULL, NULL, NULL, NULL, NULL, NULL, NULL, NULL, NULL, NULL, NULL, NULL, NULL, NULL),
	(426, '15290', 1120, 'MXN', '1CF0F9DF-E9A2-42C6-8614-081C4015F0DA', 'I', 1, 7, '2018-01-18', 0, '0002007310', '2019', 'ZMX1', 0000000003, '', '2019-10-21', '', '', '', NULL, NULL, NULL, NULL, NULL, NULL, NULL, NULL, NULL, NULL, NULL, NULL, NULL, NULL, NULL, NULL),
	(427, '856', 5800, 'MXN', '21B50240-02D6-4887-A676-5041E4905BA4', 'I', 1, 7, '2018-01-05', 0, '0002007311', '2019', 'ZMX1', 0000000003, '', '2019-10-21', '', '', '', NULL, NULL, NULL, NULL, NULL, NULL, NULL, NULL, NULL, NULL, NULL, NULL, NULL, NULL, NULL, NULL),
	(428, '856', 5800, 'MXN', '21B50240-02D6-4887-A676-5041E4905BA4', 'I', 1, 7, '2018-01-05', 0, '0002007312', '2019', 'ZMX1', 0000000003, '', '2019-10-21', '', '', '', NULL, NULL, NULL, NULL, NULL, NULL, NULL, NULL, NULL, NULL, NULL, NULL, NULL, NULL, NULL, NULL),
	(429, 'LBQ', 13164.15, 'MXN', '4A289474-F7E5-4F91-B568-D23BAC687072', 'I', 1, 7, '2018-05-08', 0, '0002007313', '2019', 'ZMX1', 0000000003, '', '2019-10-21', '', '', '', NULL, NULL, NULL, NULL, NULL, NULL, NULL, NULL, NULL, NULL, NULL, NULL, NULL, NULL, NULL, NULL),
	(430, '0150305142', 3352.4, 'USD', 'D45003D9-EAB3-429B-92EF-7EBD2DC2C19E', 'I', 1, 7, '2019-02-27', 0, '0002007316', '2019', 'ZMX1', 0000000003, '', '2019-10-21', '', '', '', NULL, NULL, NULL, NULL, NULL, NULL, NULL, NULL, NULL, NULL, NULL, NULL, NULL, NULL, NULL, NULL),
	(431, '15290', 1120, 'MXN', '1CF0F9DF-E9A2-42C6-8614-081C4015F0DA', 'I', 1, 7, '2018-01-18', 0, '0002007317', '2019', 'ZMX1', 0000000003, '', '2019-10-21', '', '', '', NULL, NULL, NULL, NULL, NULL, NULL, NULL, NULL, NULL, NULL, NULL, NULL, NULL, NULL, NULL, NULL),
	(440, '15290', 1120, 'MXN', '1CF0F9DF-E9A2-42C6-8614-081C4015F0DA', 'I', 1, 7, '2018-01-18', 0, '0002007318', '2019', 'ZMX1', 0000000003, '', '2019-10-21', '', '', '', NULL, NULL, NULL, NULL, NULL, NULL, NULL, NULL, NULL, NULL, NULL, NULL, NULL, NULL, NULL, NULL),
	(441, '15290', 1120, 'MXN', '1CF0F9DF-E9A2-42C6-8614-081C4015F0DA', 'I', 1, 759, '2019-10-13', 0, '0002007319', '2019', 'ZMX1', 0000000003, '', '2019-10-21', '', '', '', NULL, NULL, NULL, NULL, NULL, NULL, NULL, NULL, NULL, NULL, NULL, NULL, NULL, NULL, NULL, NULL),
	(442, '0150233930', 14051.43, 'USD', '45B05111-D6B9-4405-BA60-8A04722A4E6B', 'I', 2, 7, '2019-09-17', 1, '5105619081', '2019', 'ZMX2', 0000000001, NULL, '2019-10-21', '', '', '', NULL, NULL, NULL, NULL, NULL, NULL, NULL, NULL, NULL, NULL, NULL, NULL, NULL, NULL, NULL, NULL),
	(443, '2018', 3306, 'MXN', 'D93770C7-2907-4674-8F63-13976B5BD0D7', 'I', 1, 7, '2019-08-12', 1, '5105619082', '2019', 'ZMX1', 0000000001, NULL, '2019-10-22', '', '', '', NULL, NULL, NULL, NULL, NULL, NULL, NULL, NULL, NULL, NULL, NULL, NULL, NULL, NULL, NULL, NULL),
	(444, '29', 4766.66, 'USD', '8277169D-FD81-4D7A-830D-6CCCC5897291', 'I', 1, 7, '2019-10-02', 1, '5105619083', '2019', 'ZMX1', 0000000001, NULL, '2019-10-22', '', '', '', NULL, NULL, NULL, NULL, NULL, NULL, NULL, NULL, NULL, NULL, NULL, NULL, NULL, NULL, NULL, NULL),
	(445, '29', 4766.66, 'USD', '8277169D-FD81-4D7A-830D-6CCCC5897291', 'I', 1, 347, '2019-10-02', 1, '5105619084', '2019', 'ZMX1', 0000000001, NULL, '2019-10-22', '', '', '', NULL, NULL, NULL, NULL, NULL, NULL, NULL, NULL, NULL, NULL, NULL, NULL, NULL, NULL, NULL, NULL),
	(446, '609', 34800, 'MXN', 'D94606C0-6B57-4D81-A9FD-67C4D903AB5D', 'I', 1, 7, '2018-01-09', 0, '0002007323', '2019', 'ZMX1', 0000000003, '', '2019-10-22', '', '', '', NULL, NULL, NULL, NULL, NULL, NULL, NULL, NULL, NULL, NULL, NULL, NULL, NULL, NULL, NULL, NULL),
	(460, '856', 5800, 'MXN', '21B50240-02D6-4887-A676-5041E4905BA4', 'I', 1, 7, '2018-01-05', 0, '0002007324', '2019', 'ZMX1', 0000000003, '', '2019-10-22', '', '', '', NULL, NULL, NULL, NULL, NULL, NULL, NULL, NULL, NULL, NULL, NULL, NULL, NULL, NULL, NULL, NULL),
	(461, '856', 5800, 'MXN', '21B50240-02D6-4887-A676-5041E4905BA4', 'I', 1, 403, '2019-10-05', 0, '0002007325', '2019', 'ZMX1', 0000000003, '', '2019-10-22', '', '', '', NULL, NULL, NULL, NULL, NULL, NULL, NULL, NULL, NULL, NULL, NULL, NULL, NULL, NULL, NULL, NULL),
	(480, '856', 5800, 'MXN', '21B50240-02D6-4887-A676-5041E4905BA4', 'I', 1, 7, '2018-01-05', 0, '0002007328', '2019', 'ZMX1', 0000000003, '', '2019-10-22', '', '', '', NULL, NULL, NULL, NULL, NULL, NULL, NULL, NULL, NULL, NULL, NULL, NULL, NULL, NULL, NULL, NULL),
	(481, '856', 5800, 'MXN', '21B50240-02D6-4887-A676-5041E4905BA4', 'I', 1, 403, '2019-10-05', 0, '0002007329', '2019', 'ZMX1', 0000000003, '', '2019-10-22', '', '', '', NULL, NULL, NULL, NULL, NULL, NULL, NULL, NULL, NULL, NULL, NULL, NULL, NULL, NULL, NULL, NULL),
	(482, '29', 4766.66, 'USD', '8277169D-FD81-4D7A-830D-6CCCC5897291', 'I', 1, 7, '2019-10-02', 1, '5105619085', '2019', 'ZMX1', 0000000001, NULL, '2019-10-22', '', '', '', NULL, NULL, NULL, NULL, NULL, NULL, NULL, NULL, NULL, NULL, NULL, NULL, NULL, NULL, NULL, NULL),
	(483, '29', 4766.66, 'USD', '8277169D-FD81-4D7A-830D-6CCCC5897291', 'I', 1, 7, '2019-10-02', 1, '5105619086', '2019', 'ZMX1', 0000000001, NULL, '2019-10-22', '', '', '', NULL, NULL, NULL, NULL, NULL, NULL, NULL, NULL, NULL, NULL, NULL, NULL, NULL, NULL, NULL, NULL),
	(484, '29', 4766.66, 'USD', '8277169D-FD81-4D7A-830D-6CCCC5897291', 'I', 1, 347, '2019-10-02', 1, '5105619087', '2019', 'ZMX1', 0000000001, NULL, '2019-10-22', '', '', '', NULL, NULL, NULL, NULL, NULL, NULL, NULL, NULL, NULL, NULL, NULL, NULL, NULL, NULL, NULL, NULL),
	(485, '0150234311', 4397.94, 'USD', 'BD8C1651-A7D5-4C8B-894A-CC2E19826F7A', 'I', 2, 7, '2019-10-02', 1, '5105619088', '2019', 'ZMX2', 0000000001, NULL, '2019-10-22', '', '', '', NULL, NULL, NULL, NULL, NULL, NULL, NULL, NULL, NULL, NULL, NULL, NULL, NULL, NULL, NULL, NULL),
	(486, '0150233930', 14051.43, 'USD', '45B05111-D6B9-4405-BA60-8A04722A4E6B', 'I', 2, 7, '2019-09-17', 1, '5105619089', '2019', 'ZMX2', 0000000001, NULL, '2019-10-22', '', '', '', NULL, NULL, NULL, NULL, NULL, NULL, NULL, NULL, NULL, NULL, NULL, NULL, NULL, NULL, NULL, NULL),
	(487, '0150233930', 14051.43, 'USD', '45B05111-D6B9-4405-BA60-8A04722A4E6B', 'I', 2, 7, '2019-09-17', 1, '5105619090', '2019', 'ZMX2', 0000000001, NULL, '2019-10-22', '', '', '', NULL, NULL, NULL, NULL, NULL, NULL, NULL, NULL, NULL, NULL, NULL, NULL, NULL, NULL, NULL, NULL),
	(500, '15290', 1120, 'MXN', '1CF0F9DF-E9A2-42C6-8614-081C4015F0DA', 'I', 1, 759, '2019-10-13', 0, '0002007333', '2019', 'ZMX1', 0000000003, '', '2019-10-22', '', '', '', NULL, NULL, NULL, NULL, NULL, NULL, NULL, NULL, NULL, NULL, NULL, NULL, NULL, NULL, NULL, NULL),
	(501, '2018', 3306, 'MXN', 'D93770C7-2907-4674-8F63-13976B5BD0D7', 'I', 1, 410, '2018-12-12', 1, '5105619091', '2019', 'ZMX1', 0000000001, NULL, '2019-10-22', '', '', '', NULL, NULL, NULL, NULL, NULL, NULL, NULL, NULL, NULL, NULL, NULL, NULL, NULL, NULL, NULL, NULL),
	(502, '2018', 3306, 'MXN', 'D93770C7-2907-4674-8F63-13976B5BD0D7', 'I', 1, 7, '2018-12-12', 1, '5105619092', '2019', 'ZMX1', 0000000001, NULL, '2019-10-22', '', '', '', NULL, NULL, NULL, NULL, NULL, NULL, NULL, NULL, NULL, NULL, NULL, NULL, NULL, NULL, NULL, NULL),
	(503, '609', 34800, 'MXN', 'D94606C0-6B57-4D81-A9FD-67C4D903AB5D', 'I', 1, 7, '2018-01-09', 0, '0002007336', '2019', 'ZMX1', 0000000003, '', '2019-10-22', '', '', '', NULL, NULL, NULL, NULL, NULL, NULL, NULL, NULL, NULL, NULL, NULL, NULL, NULL, NULL, NULL, NULL),
	(504, '0150234313', 41234.84, 'USD', 'D2468E85-1B8E-414E-A9B6-9C5F8751D6CF', 'I', 2, 7, '2019-10-02', 1, '5105619100', '2019', 'ZMX2', 0000000001, NULL, '2019-10-22', '', '', '', NULL, NULL, NULL, NULL, NULL, NULL, NULL, NULL, NULL, NULL, NULL, NULL, NULL, NULL, NULL, NULL),
	(505, '', 5486.97, 'usd', '', 'I', 1, 1, '2019-09-30', 0, '0002007338', '2019', 'ZMX1', 0000000003, '', '2019-10-22', '', '', '', NULL, NULL, NULL, NULL, NULL, NULL, NULL, NULL, NULL, NULL, NULL, NULL, NULL, NULL, NULL, NULL),
	(520, '257359', 1624, 'MXN', '291D39AB-50E6-432D-8F60-7C726D1EFBAA', 'I', 1, 263, '2019-10-10', 0, '0002007340', '2019', 'ZMX1', 0000000002, '', '2019-10-23', '', '', '', NULL, NULL, NULL, NULL, NULL, NULL, NULL, NULL, NULL, NULL, NULL, NULL, NULL, NULL, NULL, NULL),
	(521, '5003220204', 1298, 'MXN', '4AA28F59-D3F5-46BF-86A5-599CEB85C54B', 'I', 1, 263, '2019-10-21', 0, '0002007341', '2019', 'ZMX1', 0000000002, '', '2019-10-23', '', '', '', NULL, NULL, NULL, NULL, NULL, NULL, NULL, NULL, NULL, NULL, NULL, NULL, NULL, NULL, NULL, NULL),
	(522, '856', 5800, 'MXN', '21B50240-02D6-4887-A676-5041E4905BA4', 'I', 1, 263, '2019-10-05', 0, '0002007342', '2019', 'ZMX1', 0000000003, '', '2019-10-23', '', '', '', NULL, NULL, NULL, NULL, NULL, NULL, NULL, NULL, NULL, NULL, NULL, NULL, NULL, NULL, NULL, NULL),
	(523, '', 5486.97, 'USD', '', 'I', 1, 1, '2019-09-30', 0, '0002007343', '2019', 'ZMX1', 0000000002, '', '2019-10-23', '', '', '', NULL, NULL, NULL, NULL, NULL, NULL, NULL, NULL, NULL, NULL, NULL, NULL, NULL, NULL, NULL, NULL),
	(524, '856', 5800, 'MXN', '21B50240-02D6-4887-A676-5041E4905BA4', 'I', 1, 263, '2019-10-05', 0, '0002007344', '2019', 'ZMX1', 0000000003, '', '2019-10-23', '', '', '', NULL, NULL, NULL, NULL, NULL, NULL, NULL, NULL, NULL, NULL, NULL, NULL, NULL, NULL, NULL, NULL),
	(525, '909402', 9202.66, 'MXN', 'A8299E98-C4AA-4A0A-B97D-CFE5A01BBE3E', 'I', 1, 263, '2019-10-11', 0, '0002007345', '2019', 'ZMX1', 0000000003, '', '2019-10-23', '', '', '', NULL, NULL, NULL, NULL, NULL, NULL, NULL, NULL, NULL, NULL, NULL, NULL, NULL, NULL, NULL, NULL),
	(526, '856', 5800, 'MXN', '21B50240-02D6-4887-A676-5041E4905BA4', 'I', 1, 263, '2019-10-05', 0, '0002007346', '2019', 'ZMX1', 0000000003, '', '2019-10-23', '', '', '', NULL, NULL, NULL, NULL, NULL, NULL, NULL, NULL, NULL, NULL, NULL, NULL, NULL, NULL, NULL, NULL),
	(527, '386', 47792, 'MXN', 'b4527fe1-dfe8-475a-82a4-acb1ec16a497', 'I', 1, 263, '2019-10-11', 0, '0002007347', '2019', 'ZMX1', 0000000003, '', '2019-10-23', '', '', '', NULL, NULL, NULL, NULL, NULL, NULL, NULL, NULL, NULL, NULL, NULL, NULL, NULL, NULL, NULL, NULL),
	(528, '', 14629.32, '', '', 'I', 1, 107, '2019-10-23', 1, '', '1910', '5105', 0000000001, NULL, '2019-10-23', '', '', '', NULL, NULL, NULL, NULL, NULL, NULL, NULL, NULL, NULL, NULL, NULL, NULL, NULL, NULL, NULL, NULL),
	(529, '', 14629.32, '', '', 'I', 1, 107, '2019-10-23', 1, '', '1910', '5105', 0000000001, NULL, '2019-10-23', '', '', '', NULL, NULL, NULL, NULL, NULL, NULL, NULL, NULL, NULL, NULL, NULL, NULL, NULL, NULL, NULL, NULL),
	(530, '', 753.06, '', '', 'I', 1, 107, '2019-10-23', 1, '', '1910', '5105', 0000000001, NULL, '2019-10-23', '', '', '', NULL, NULL, NULL, NULL, NULL, NULL, NULL, NULL, NULL, NULL, NULL, NULL, NULL, NULL, NULL, NULL),
	(531, '', 753.06, '', '', 'I', 1, 107, '2019-10-23', 1, '', '1911', '5105', 0000000001, NULL, '2019-10-23', '', '', '', NULL, NULL, NULL, NULL, NULL, NULL, NULL, NULL, NULL, NULL, NULL, NULL, NULL, NULL, NULL, NULL),
	(532, '', 79632.29, '', '', 'I', 1, 366, '2019-10-23', 1, '', '1911', '5105', 0000000001, NULL, '2019-10-24', '', '', '', NULL, NULL, NULL, NULL, NULL, NULL, NULL, NULL, NULL, NULL, NULL, NULL, NULL, NULL, NULL, NULL),
	(533, '', 43363.6, '', '', 'I', 1, 503, '2019-10-23', 1, '', '1911', '5105', 0000000001, NULL, '2019-10-24', '', '', '', NULL, NULL, NULL, NULL, NULL, NULL, NULL, NULL, NULL, NULL, NULL, NULL, NULL, NULL, NULL, NULL),
	(540, '909402', 9202.66, 'MXN', 'A8299E98-C4AA-4A0A-B97D-CFE5A01BBE3E', 'I', 1, 263, '2019-10-11', 0, '0002007357', '2019', 'ZMX1', 0000000003, '', '2019-10-24', '', '', '', NULL, NULL, NULL, NULL, NULL, NULL, NULL, NULL, NULL, NULL, NULL, NULL, NULL, NULL, NULL, NULL),
	(541, '856', 5800, 'MXN', '21B50240-02D6-4887-A676-5041E4905BA4', 'I', 1, 263, '2019-10-05', 0, '0002007358', '2019', 'ZMX1', 0000000003, '', '2019-10-24', '', '', '', NULL, NULL, NULL, NULL, NULL, NULL, NULL, NULL, NULL, NULL, NULL, NULL, NULL, NULL, NULL, NULL),
	(542, '609', 34800, 'MXN', 'D94606C0-6B57-4D81-A9FD-67C4D903AB5D', 'I', 1, 263, '2019-08-09', 0, '0002007359', '2019', 'ZMX1', 0000000003, '', '2019-10-24', '', '', '', NULL, NULL, NULL, NULL, NULL, NULL, NULL, NULL, NULL, NULL, NULL, NULL, NULL, NULL, NULL, NULL),
	(543, '386', 47792, 'MXN', 'b4527fe1-dfe8-475a-82a4-acb1ec16a497', 'I', 1, 263, '2019-08-11', 0, '0002007360', '2019', 'ZMX1', 0000000003, '', '2019-10-24', '', '', '', NULL, NULL, NULL, NULL, NULL, NULL, NULL, NULL, NULL, NULL, NULL, NULL, NULL, NULL, NULL, NULL),
	(544, '856', 5800, 'MXN', '21B50240-02D6-4887-A676-5041E4905BA4', 'I', 1, 263, '2019-08-05', 0, '0002007361', '2019', 'ZMX1', 0000000003, '', '2019-10-24', '', '', '', NULL, NULL, NULL, NULL, NULL, NULL, NULL, NULL, NULL, NULL, NULL, NULL, NULL, NULL, NULL, NULL),
	(545, '909402', 9202.66, 'MXN', 'A8299E98-C4AA-4A0A-B97D-CFE5A01BBE3E', 'I', 1, 263, '2019-08-11', 0, '0002007362', '2019', 'ZMX1', 0000000003, '', '2019-10-24', '', '', '', NULL, NULL, NULL, NULL, NULL, NULL, NULL, NULL, NULL, NULL, NULL, NULL, NULL, NULL, NULL, NULL),
	(546, '909402', 9202.66, 'MXN', 'A8299E98-C4AA-4A0A-B97D-CFE5A01BBE3E', 'I', 1, 263, '2019-10-11', 0, '0002007363', '2019', 'ZMX1', 0000000003, '', '2019-10-24', '', '', '', NULL, NULL, NULL, NULL, NULL, NULL, NULL, NULL, NULL, NULL, NULL, NULL, NULL, NULL, NULL, NULL),
	(560, '00003257', 38990, 'MXN', '45E2B5E2-CAF8-4DA0-A9A8-E3CBF895F8CF', 'I', 1, 255, '2019-10-10', 0, '0002007381', '2019', 'ZMX1', 0000000003, '', '2019-10-30', '', '', '', NULL, NULL, NULL, NULL, NULL, NULL, NULL, NULL, NULL, NULL, NULL, NULL, NULL, NULL, NULL, NULL),
	(561, '00003257', 38990, 'MXN', '45E2B5E2-CAF8-4DA0-A9A8-E3CBF895F8CF', 'I', 1, 255, '2019-10-10', 0, '0002007382', '2019', 'ZMX1', 0000000003, '', '2019-10-30', '', '', '', NULL, NULL, NULL, NULL, NULL, NULL, NULL, NULL, NULL, NULL, NULL, NULL, NULL, NULL, NULL, NULL),
	(562, '1394594303760', 2128, 'MXN', 'E3D882BC-09F3-403C-B82F-64941B4B3326', 'I', 1, 255, '2019-09-06', 0, '0002007383', '2019', 'ZMX1', 0000000003, '', '2019-10-30', '', '', '', NULL, NULL, NULL, NULL, NULL, NULL, NULL, NULL, NULL, NULL, NULL, NULL, NULL, NULL, NULL, NULL),
	(563, '1394594303761', 2128, 'MXN', '4FCCF0BE-D5D0-473E-B1A3-E39213914229', 'I', 1, 255, '2019-09-06', 0, '0002007384', '2019', 'ZMX1', 0000000003, '', '2019-10-30', '', '', '', NULL, NULL, NULL, NULL, NULL, NULL, NULL, NULL, NULL, NULL, NULL, NULL, NULL, NULL, NULL, NULL),
	(564, '00102192', 425, 'MXN', 'D4604267-03F8-4112-A3CA-703F3A4A27D7', 'I', 1, 255, '2019-10-22', 0, '0002007385', '2019', 'ZMX1', 0000000003, '', '2019-10-31', '', '', '', NULL, NULL, NULL, NULL, NULL, NULL, NULL, NULL, NULL, NULL, NULL, NULL, NULL, NULL, NULL, NULL),
	(565, '00003257', 38990, 'MXN', '45E2B5E2-CAF8-4DA0-A9A8-E3CBF895F8CF', 'I', 1, 255, '2019-10-10', 0, '0002007386', '2019', 'ZMX1', 0000000003, '', '2019-10-31', '', '', '', NULL, NULL, NULL, NULL, NULL, NULL, NULL, NULL, NULL, NULL, NULL, NULL, NULL, NULL, NULL, NULL),
	(580, 'BQM', 7968.78, 'MXN', 'DB13F154-452D-4BBE-996D-D0B3E04A3D53', 'I', 2, 612, '2019-11-01', 1, '5105619120', '2019', 'ZMX2', 0000000001, NULL, '2019-11-06', '', '', '', NULL, NULL, NULL, NULL, NULL, NULL, NULL, NULL, NULL, NULL, NULL, NULL, NULL, NULL, NULL, NULL),
	(600, '000505117', 3852.8, 'MXN', '6CA62A12-A413-47F0-82FF-75A566F04060', 'I', 1, 805, '2019-10-28', 0, '0002007387', '2019', 'ZMX1', 0000000002, '', '2019-11-06', '', '', '', NULL, NULL, NULL, NULL, NULL, NULL, NULL, NULL, NULL, NULL, NULL, NULL, NULL, NULL, NULL, NULL),
	(601, '864', 5800, 'MXN', '34CB830D-EF52-4A18-9104-E9E94B178733', 'I', 2, 578, '2019-11-05', 0, '0002002818', '2019', 'ZMX2', 0000000002, '', '2019-11-06', '', '', '', NULL, NULL, NULL, NULL, NULL, NULL, NULL, NULL, NULL, NULL, NULL, NULL, NULL, NULL, NULL, NULL),
	(602, '865', 34800, 'MXN', '98B695FD-34F6-404E-8B71-6822639DA6F1', 'I', 1, 578, '2019-11-05', 0, '0002007388', '2019', 'ZMX1', 0000000002, '', '2019-11-06', '', '', '', NULL, NULL, NULL, NULL, NULL, NULL, NULL, NULL, NULL, NULL, NULL, NULL, NULL, NULL, NULL, NULL),
	(603, '3250171', 2628.56, 'MXN', 'c4c20f56-4df4-40de-8220-fd7e606a02de', 'I', 2, 7, '2019-11-03', 0, '0002002820', '2019', 'ZMX2', 0000000002, '', '2019-11-06', '', '', '', NULL, NULL, NULL, NULL, NULL, NULL, NULL, NULL, NULL, NULL, NULL, NULL, NULL, NULL, NULL, NULL),
	(604, '000040527073', 369610.06, 'MXN', '0CC51658-C22E-48C7-B082-9925FD6B7DE4', 'I', 2, 168, '2019-11-02', 0, '0002002821', '2019', 'ZMX2', 0000000002, '', '2019-11-06', '', '', '', NULL, NULL, NULL, NULL, NULL, NULL, NULL, NULL, NULL, NULL, NULL, NULL, NULL, NULL, NULL, NULL),
	(605, '000040527064', 1235006.24, 'MXN', 'E9716B97-12E4-4AF3-B4EE-4E954F5C6E8B', 'I', 1, 168, '2019-11-02', 0, '0002007389', '2019', 'ZMX1', 0000000002, '', '2019-11-06', '', '', '', NULL, NULL, NULL, NULL, NULL, NULL, NULL, NULL, NULL, NULL, NULL, NULL, NULL, NULL, NULL, NULL),
	(606, '000040527061', 2951369.34, 'MXN', 'F1B688B9-38EC-42F7-A77F-DFF2CB05AF15', 'I', 1, 168, '2019-11-02', 0, '0002007390', '2019', 'ZMX1', 0000000002, '', '2019-11-06', '', '', '', NULL, NULL, NULL, NULL, NULL, NULL, NULL, NULL, NULL, NULL, NULL, NULL, NULL, NULL, NULL, NULL),
	(607, '3248381', 30148.17, 'MXN', '68845b4b-bc61-4faa-a00c-ae715b302e61', 'I', 1, 823, '2019-11-03', 0, '0002007391', '2019', 'ZMX1', 0000000002, '', '2019-11-06', '', '', '', NULL, NULL, NULL, NULL, NULL, NULL, NULL, NULL, NULL, NULL, NULL, NULL, NULL, NULL, NULL, NULL),
	(608, '', 700.38, '', '', 'I', 1, 107, '2019-11-06', 1, '', '1913', '5105', 0000000001, NULL, '2019-11-06', '', '', '', NULL, NULL, NULL, NULL, NULL, NULL, NULL, NULL, NULL, NULL, NULL, NULL, NULL, NULL, NULL, NULL),
	(620, '123649', 150.8, 'MXN', '1E4E9B44-1541-4955-ACD6-D8269D18D990', 'I', 2, 185, '2019-11-01', 1, '5105619131', '2019', 'ZMX2', 0000000001, NULL, '2019-11-07', '', '', '', NULL, NULL, NULL, NULL, NULL, NULL, NULL, NULL, NULL, NULL, NULL, NULL, NULL, NULL, NULL, NULL),
	(621, '', 700.38, '', '', 'I', 1, 107, '2019-11-06', 1, '', '1913', '5105', 0000000001, NULL, '2019-11-07', '', '', '', NULL, NULL, NULL, NULL, NULL, NULL, NULL, NULL, NULL, NULL, NULL, NULL, NULL, NULL, NULL, NULL),
	(622, '51294', 2129.76, 'USD', '5036e5ea-6f9d-4ed5-9655-9fd95a319161', 'I', 2, 421, '2019-11-01', 1, '5105619133', '2019', 'ZMX2', 0000000001, NULL, '2019-11-07', '', '', '', NULL, NULL, NULL, NULL, NULL, NULL, NULL, NULL, NULL, NULL, NULL, NULL, NULL, NULL, NULL, NULL),
	(623, '7523', 64018.08, 'MXN', '42976a97-5911-4dac-95eb-d6c72f90488c', 'I', 1, 862, '2019-11-05', 0, '0002007394', '2019', 'ZMX1', 0000000002, '', '2019-11-07', '', '', '', NULL, NULL, NULL, NULL, NULL, NULL, NULL, NULL, NULL, NULL, NULL, NULL, NULL, NULL, NULL, NULL),
	(624, '', 5486.97, 'USD', '', 'I', 1, 1, '2019-11-07', 0, '0002007395', '2019', 'ZMX1', 0000000002, '', '2019-11-07', '', '', '', NULL, NULL, NULL, NULL, NULL, NULL, NULL, NULL, NULL, NULL, NULL, NULL, NULL, NULL, NULL, NULL),
	(640, '850', 12618.48, 'MXN', '3CAE86C1-7076-4792-84D1-556498283BF6', 'I', 1, 7, '2019-10-01', 1, '5105619140', '2019', 'ZMX1', 0000000001, NULL, '2019-11-13', '', '', '', NULL, NULL, NULL, NULL, NULL, NULL, NULL, NULL, NULL, NULL, NULL, NULL, NULL, NULL, NULL, NULL),
	(641, '160', 9405, 'MXN', 'D31F007C-8E04-4586-A124-A63F97E567E7', 'I', 1, 7, '2019-10-02', 0, '0002007397', '2019', 'ZMX1', 0000000003, 'esta mal el importe', '2019-11-13', '', '', '', NULL, NULL, NULL, NULL, NULL, NULL, NULL, NULL, NULL, NULL, NULL, NULL, NULL, NULL, NULL, NULL),
	(642, '28237', 6411.97, 'MXN', 'B711EB4D-2CB3-4927-A9FF-812836E74B23', 'I', 1, 7, '2019-10-04', 0, '0002007399', '2019', 'ZMX1', 0000000001, NULL, '2019-11-13', '', '', '', NULL, NULL, NULL, NULL, NULL, NULL, NULL, NULL, NULL, NULL, NULL, NULL, NULL, NULL, NULL, NULL),
	(643, '', 822, '', '', 'I', 1, 107, '2019-11-06', 1, '', '1915', '5105', 0000000001, NULL, '2019-11-13', '', '', '', NULL, NULL, NULL, NULL, NULL, NULL, NULL, NULL, NULL, NULL, NULL, NULL, NULL, NULL, NULL, NULL),
	(644, '', 888, 'USD', '', 'I', 1, 107, '2019-11-13', 0, '0002007403', '2019', 'ZMX1', 0000000001, NULL, '2019-11-13', '', '', '', NULL, NULL, NULL, NULL, NULL, NULL, NULL, NULL, NULL, NULL, NULL, NULL, NULL, NULL, NULL, NULL),
	(645, '00003257', 38990, 'MXN', '45E2B5E2-CAF8-4DA0-A9A8-E3CBF895F8CF', 'I', 1, 7, '2019-10-10', 0, '0002007404', '2019', 'ZMX1', 0000000001, NULL, '2019-11-13', '', '', '', NULL, NULL, NULL, NULL, NULL, NULL, NULL, NULL, NULL, NULL, NULL, NULL, NULL, NULL, NULL, NULL),
	(660, '850', 12618.48, 'MXN', '3CAE86C1-7076-4792-84D1-556498283BF6', 'I', 1, 781, '2019-10-01', 0, '0002007406', '2019', 'ZMX1', 0000000003, '', '2019-11-15', '', '', '', NULL, NULL, NULL, NULL, NULL, NULL, NULL, NULL, NULL, NULL, NULL, NULL, NULL, NULL, NULL, NULL),
	(661, '3220662', 2628.56, 'MXN', '31effb52-18ce-41c5-9d45-596461ccd0d4', 'I', 2, 7, '2019-10-03', 0, '0002002824', '2019', 'ZMX2', 0000000002, '', '2019-11-15', '', '', '', NULL, NULL, NULL, NULL, NULL, NULL, NULL, NULL, NULL, NULL, NULL, NULL, NULL, NULL, NULL, NULL),
	(662, '30', 4766.66, 'USD', 'C86E5E00-EEEE-4EE7-9F3F-19F2D30E0CBF', 'I', 1, 347, '2019-10-02', 0, '0002007407', '2019', 'ZMX1', 0000000001, NULL, '2019-11-15', '', '', '', NULL, NULL, NULL, NULL, NULL, NULL, NULL, NULL, NULL, NULL, NULL, NULL, NULL, NULL, NULL, NULL),
	(663, '28270', 3375.6, 'MXN', 'F4DE1BE0-FB9A-4C8C-B99C-72783D529F50', 'I', 1, 301, '2019-10-09', 1, '5105619160', '2019', 'ZMX1', 0000000001, NULL, '2019-11-15', '', '', '', NULL, NULL, NULL, NULL, NULL, NULL, NULL, NULL, NULL, NULL, NULL, NULL, NULL, NULL, NULL, NULL),
	(664, '', 8800, '', '', 'I', 1, 22, '2019-11-15', 1, '', '1916', '5105', 0000000001, NULL, '2019-11-15', '', '', '', NULL, NULL, NULL, NULL, NULL, NULL, NULL, NULL, NULL, NULL, NULL, NULL, NULL, NULL, NULL, NULL),
	(665, '', 10000, '', '', 'I', 1, 22, '2019-11-15', 1, '', '1916', '5105', 0000000001, NULL, '2019-11-15', '', '', '', NULL, NULL, NULL, NULL, NULL, NULL, NULL, NULL, NULL, NULL, NULL, NULL, NULL, NULL, NULL, NULL),
	(680, '4451', 4854.95, 'MXN', 'C26ACA78-4D07-4667-8F73-7B7C30411C57', 'I', 1, 344, '2019-01-28', 0, '0002007412', '2019', 'ZMX1', 0000000001, NULL, '2019-11-24', '', '', '', NULL, NULL, NULL, NULL, NULL, NULL, NULL, NULL, NULL, NULL, NULL, NULL, NULL, NULL, NULL, NULL),
	(700, '3991', 10231.2, 'MXN', '6D757466-C4C4-4DFD-B406-1625DEB4BFDB', 'I', 1, 344, '2018-01-26', 0, '0002007413', '2019', 'ZMX1', 0000000001, NULL, '2019-11-25', '', '', '', NULL, NULL, NULL, NULL, NULL, NULL, NULL, NULL, NULL, NULL, NULL, NULL, NULL, NULL, NULL, NULL),
	(701, '3993', 10161.77, 'MXN', '94BBC02C-DF64-4917-BEBE-4FDB491F3F68', 'I', 1, 344, '2019-11-20', 0, '0002007414', '2019', 'ZMX1', 0000000001, NULL, '2019-11-25', '', '', '', NULL, NULL, NULL, NULL, NULL, NULL, NULL, NULL, NULL, NULL, NULL, NULL, NULL, NULL, NULL, NULL),
	(720, '28238', 10375.78, 'MXN', '1CF9FBE3-D25D-4DDB-8B61-2F17658407E5', 'I', 1, 7, '2019-10-04', 0, '0002007415', '2019', 'ZMX1', 0000000002, '', '2019-11-26', '', '', '', NULL, NULL, NULL, NULL, NULL, NULL, NULL, NULL, NULL, NULL, NULL, NULL, NULL, NULL, NULL, NULL),
	(721, '28587', 1218, 'MXN', '697A2125-7631-6B4B-BA0D-251363C6F818', 'I', 1, 7, '2019-11-13', 0, '0002007416', '2019', 'ZMX1', 0000000001, NULL, '2019-11-26', '', '', '', NULL, NULL, NULL, NULL, NULL, NULL, NULL, NULL, NULL, NULL, NULL, NULL, NULL, NULL, NULL, NULL),
	(722, '28602', 4844.28, 'MXN', 'DC28B133-5B50-4C64-BDB5-3E753D6845C2', 'I', 1, 301, '2019-11-14', 0, '0002007417', '2019', 'ZMX1', 0000000001, NULL, '2019-11-26', '', '', '', NULL, NULL, NULL, NULL, NULL, NULL, NULL, NULL, NULL, NULL, NULL, NULL, NULL, NULL, NULL, NULL),
	(739, '00106212', 185.6, 'MXN', 'FE1FADDB-41F1-48BF-8A5D-81E34049914D', 'I', 1, 255, '2020-01-18', 0, '', '', '', 0000000001, NULL, '2020-02-10', NULL, NULL, NULL, 'VCI0004041R0', 'LFO001002TH0', '2', '1', 'I', NULL, NULL, NULL, NULL, NULL, NULL, NULL, NULL, NULL, NULL, NULL);
/*!40000 ALTER TABLE `t_invoices` ENABLE KEYS */;

-- Volcando estructura para tabla db_suppliers.t_suppliers
DROP TABLE IF EXISTS `t_suppliers`;
CREATE TABLE IF NOT EXISTS `t_suppliers` (
  `id` int(10) unsigned NOT NULL AUTO_INCREMENT,
  `id_SAP` varchar(10) NOT NULL,
  `id_country` int(10) unsigned NOT NULL,
  `name` varchar(35) NOT NULL,
  `tax_id_mx` varchar(16) DEFAULT NULL COMMENT 'Tax ID Mexico',
  `tax_id_oth` varchar(20) DEFAULT NULL COMMENT 'Tax ID other than Mexico',
  `created_on` datetime NOT NULL,
  PRIMARY KEY (`id`),
  KEY `t_suppliers_FK` (`id_country`),
  CONSTRAINT `t_suppliers_FK` FOREIGN KEY (`id_country`) REFERENCES `c_countries_id` (`id`)
) ENGINE=InnoDB AUTO_INCREMENT=991 DEFAULT CHARSET=utf16;

-- Volcando datos para la tabla db_suppliers.t_suppliers: ~978 rows (aproximadamente)
/*!40000 ALTER TABLE `t_suppliers` DISABLE KEYS */;
INSERT INTO `t_suppliers` (`id`, `id_SAP`, `id_country`, `name`, `tax_id_mx`, `tax_id_oth`, `created_on`) VALUES
	(1, '10', 76, 'LE BELIER SA', '39362977900017', 'FR00393629779', '2019-08-18 00:00:00'),
	(2, '11', 76, 'FONDERIE ET ATELIERS DU BELIER', '59615014400019', 'FR43596150144', '2019-08-18 00:00:00'),
	(3, '12', 101, 'LE BELIER MAGYARORSZAG ZRT.', '11331364-2-44', 'HU11331364', '2019-08-18 00:00:00'),
	(4, '15', 191, 'LE BELIER KIKINDA', '102843535', NULL, '2019-08-18 00:00:00'),
	(5, '16', 47, 'LE BELIER DALIAN', '210212604893145', NULL, '2019-08-18 00:00:00'),
	(6, '17', 101, 'BSM MagyarorszÃ¡g Kft', '12514555-2-16', NULL, '2019-08-18 00:00:00'),
	(7, '18', 156, 'LBQ FOUNDRY,S.A.DE C.V', 'LFO001002TH0', NULL, '2019-08-18 00:00:00'),
	(8, '19', 76, 'LBO', '40307761300012', 'FR05403077613', '2019-08-18 00:00:00'),
	(9, '22', 156, 'BQ MACHINING S.A. DE C.', 'BMA041230GF1', NULL, '2019-08-18 00:00:00'),
	(10, '27', 76, 'FAB SERVICES', '59615014400019', 'FR43596150144', '2019-08-18 00:00:00'),
	(11, '29', 101, 'BSM SERVICES', '12514555-2-16', 'HU12514555', '2019-08-18 00:00:00'),
	(12, '32', 101, 'LBH SERVICES', '11331364-2-44', 'HU11331364', '2019-08-18 00:00:00'),
	(13, '52', 156, 'B.Q. MACHINING S.A. DE C.V. SERVICE', 'BMA041230GF1', NULL, '2019-08-18 00:00:00'),
	(14, '57', 76, 'LE BELIER OMNIUM - INTERESTS FEES', '39362977900017', 'FR00393629779', '2019-08-18 00:00:00'),
	(15, '58', 156, 'LBQ SERVICES', NULL, NULL, '2019-08-18 00:00:00'),
	(16, '73', 191, 'LE BELIER KIKINDA SERVICES', '102843535', NULL, '2019-08-18 00:00:00'),
	(17, '80', 47, 'Le Belier Lv Shun (Dalian) Foundry', '210212764441420', NULL, '2019-08-18 00:00:00'),
	(18, '81', 96, 'HDPCI', '1340931', NULL, '2019-08-18 00:00:00'),
	(19, '82', 101, 'Le BÃ©lier MohÃ¡cs Kft', '23317840-2-02', 'HU23317840', '2019-08-18 00:00:00'),
	(20, '83', 47, 'Le Belier (Wuhan) Foundry Co. Ltd', '429004066117578', NULL, '2019-08-18 00:00:00'),
	(21, '84', 47, 'Le Belier Lv Shun (service)', '210212764441420', NULL, '2019-08-18 00:00:00'),
	(22, '85', 47, 'LE BELIER DALIAN (service)', '210212604893145', NULL, '2019-08-18 00:00:00'),
	(23, '2010', 156, 'WATER SYSTEMS SERVICES SA DE C', NULL, NULL, '2019-08-18 00:00:00'),
	(24, '2011', 156, 'ANTONIO. JUAN JOSE GUTIERREZ A', NULL, NULL, '2019-08-18 00:00:00'),
	(25, '10201', 76, 'ENGINEERING DATA', '38076400000000', 'FR15380764480', '2019-08-18 00:00:00'),
	(26, '10275', 76, 'HAM FRANCE ANDREAS MAIER SARL', '32399700000000', 'FR24323997270', '2019-08-18 00:00:00'),
	(27, '10427', 76, 'RABOURDIN INDUSTRIE', NULL, 'FR66805000981', '2019-08-18 00:00:00'),
	(28, '10535', 76, 'SANDVIK TOBLER S.A.', '57820400000000', 'FR42578204497', '2019-08-18 00:00:00'),
	(29, '10586', 76, 'PERIMACHINES S.A.R.L.', NULL, 'FR78409568748', '2019-08-18 00:00:00'),
	(30, '10612', 111, 'GAUSS AUTOMAZIONE S.P.A.', NULL, 'IT03035630171', '2019-08-18 00:00:00'),
	(31, '10617', 232, 'MICRONY', '33625826542', NULL, '2019-08-18 00:00:00'),
	(32, '10623', 76, 'CHEOPS TECHNOLOGY FRANCE', '41505100000000', 'FR12415050681', '2019-08-18 00:00:00'),
	(33, '10701', 76, 'FABRIS', '82582000000000', 'FR10825820137', '2019-08-18 00:00:00'),
	(34, '11875', 111, 'Italpresse Industrie S.r.l. Soc. Un', NULL, 'IT08900010961', '2019-08-18 00:00:00'),
	(35, '12182', 57, 'STRIKOWESTOFEN GMBH', NULL, 'DE253235981', '2019-08-18 00:00:00'),
	(36, '12350', 57, 'FERTIGUNGSTECHNIK WEIÃŸENFELS GMBH', NULL, 'DE140025380', '2019-08-18 00:00:00'),
	(37, '12486', 57, 'SAMAG GMBH', NULL, 'DE812187835', '2019-08-18 00:00:00'),
	(38, '12695', 76, 'SMW AUTOBLOK', '30535100000000', 'FR92305350530', '2019-08-18 00:00:00'),
	(39, '13754', 76, 'BUREAU VERITAS FRANCE SA.', NULL, 'FR71399851609', '2019-08-18 00:00:00'),
	(40, '13948', 76, 'DALMEC', '3294910000000', 'FR86329491112', '2019-08-18 00:00:00'),
	(41, '14206', 76, 'BRION S.A', NULL, 'FR90787320217', '2019-08-18 00:00:00'),
	(42, '14320', 76, 'HAM (REPAIR)', '32399700000000', 'FR24323997270', '2019-08-18 00:00:00'),
	(43, '14321', 111, 'BOTTA FORNI INDUSTRIALI S.R.L.', NULL, 'IT03273730048', '2019-08-18 00:00:00'),
	(44, '14362', 156, 'TRANSPORTES ESPITIA', NULL, NULL, '2019-08-18 00:00:00'),
	(45, '14363', 156, 'TRANSPORTES LOGISTICOS DEL CEN', NULL, NULL, '2019-08-18 00:00:00'),
	(46, '14824', 76, 'HAM FRANCE CF 10275 & 14320 FOR REP', NULL, 'FR24323997270', '2019-08-18 00:00:00'),
	(47, '14944', 156, 'ACEROS FORTUNA SA DE CV', 'AFO8311086M2', NULL, '2019-08-18 00:00:00'),
	(48, '14948', 156, 'ALCAN PRIMARY METAL GROUP', NULL, NULL, '2019-08-18 00:00:00'),
	(49, '14951', 156, 'ALERIS NUEVO LEON S DE RL DE CV', NULL, NULL, '2019-08-18 00:00:00'),
	(50, '14956', 156, 'ASESORES EN RADIACIONES SA', 'ARA800729N99', NULL, '2019-08-18 00:00:00'),
	(51, '14958', 156, 'ASKCO DE MEXICO SA', 'AME801021V21', NULL, '2019-08-18 00:00:00'),
	(52, '14963', 156, 'BAEZ SALCEDO ALEJANDRO JESUS', 'BASA540415CX1', NULL, '2019-08-18 00:00:00'),
	(53, '14964', 156, 'BALLEZA CARAPIA JAIME', NULL, NULL, '2019-08-18 00:00:00'),
	(54, '14966', 156, 'BEDOLLA LOPEZ JOSE ALFREDO', 'BELA660122P1A', NULL, '2019-08-18 00:00:00'),
	(55, '14967', 156, 'BINASA REFACCIONES INDUSTRIALES SA', 'BRI060821H70', NULL, '2019-08-18 00:00:00'),
	(56, '14971', 156, 'CALFER DE MEXICO SA DE CV', 'CME690827A21', NULL, '2019-08-18 00:00:00'),
	(57, '14973', 156, 'CALOR Y CONTROL SA DE CV', 'CCO920124A51', NULL, '2019-08-18 00:00:00'),
	(58, '14974', 156, 'CALVEK S.A. DE C.V.', 'CAL980715AA3', NULL, '2019-08-18 00:00:00'),
	(59, '14981', 156, 'CNR INDUSTRIES DE MEXICO SADE CV', 'CIM940425NT3', NULL, '2019-08-18 00:00:00'),
	(60, '14982', 156, 'COEL SA DE CV', 'COE9510055R6', NULL, '2019-08-18 00:00:00'),
	(61, '14987', 156, 'CONSULTORES TECNICOS DEL CENTRO SA', 'CTC890316MD6', NULL, '2019-08-18 00:00:00'),
	(62, '14995', 156, 'DESARROLLO FLAMINGO SA DE CV', 'DFL9312143C9', NULL, '2019-08-18 00:00:00'),
	(63, '14996', 156, 'DESARROLLO Y CONSEN SISTEMAS SA CV', 'DCS040402N15', NULL, '2019-08-18 00:00:00'),
	(64, '14997', 156, 'DIAZ OLVERA GUSTAVO', 'DIOG730411AT4', NULL, '2019-08-18 00:00:00'),
	(65, '15001', 156, 'DIST ELECTRICO DEL BAJIO SA DE CV', NULL, NULL, '2019-08-18 00:00:00'),
	(66, '15002', 156, 'DISTRIB DE TRAPO INDUSTRIAL SA CV', 'DTI970128I51', NULL, '2019-08-18 00:00:00'),
	(67, '15003', 156, 'DIST IND ENTERPRISE', 'DIE020424RQ9', NULL, '2019-08-18 00:00:00'),
	(68, '15006', 156, 'DISTRIBUIDORA TAMEX SA DE CV', 'DTA9601235Z9', NULL, '2019-08-18 00:00:00'),
	(69, '15007', 156, 'EL CRISOL SA DE CV', 'CRI660702M43', NULL, '2019-08-18 00:00:00'),
	(70, '15008', 156, 'ELECTRONICA COM SA DE CV', 'ECO8602141P4', NULL, '2019-08-18 00:00:00'),
	(71, '15010', 156, 'EMPAQUES Y EMPAQUETADUINDUSTSA CV', 'EEI020125CM7', NULL, '2019-08-18 00:00:00'),
	(72, '15015', 156, 'FANUC MEXICO SA DE CV', 'FRM9212036FA', NULL, '2019-08-18 00:00:00'),
	(73, '15016', 156, 'FASTENAL MEXICO,S.DE RL DE C.V.', 'FME991110CZ9', NULL, '2019-08-18 00:00:00'),
	(74, '15017', 156, 'FENO RESINAS SA DE CV', 'FRE870318JN2', NULL, '2019-08-18 00:00:00'),
	(75, '15018', 156, 'FERREHERRAMIENTAS SA DE CV', 'FER0205146Q9', NULL, '2019-08-18 00:00:00'),
	(76, '15019', 156, 'FERRETERIA LA FRAGUA SA DE CV', 'FFR810330JX9', NULL, '2019-08-18 00:00:00'),
	(77, '15021', 156, 'FERRUZCA HERNANDEZ J FRANCISCO', 'FEHJ671127LN2', NULL, '2019-08-18 00:00:00'),
	(78, '15025', 156, 'FOSECO SA DE CV CF 15162', NULL, NULL, '2019-08-18 00:00:00'),
	(79, '15031', 111, 'GAUSS AUTOMAZIONE SRL CF 10612', NULL, 'IT03035630171', '2019-08-18 00:00:00'),
	(80, '15032', 156, 'GICELO SISTEMAS SA DE CV', 'GSI830713K26', NULL, '2019-08-18 00:00:00'),
	(81, '15035', 156, 'GONZALEZ HERNANDEZ JOSE SALVADOR', 'GOHS650417LA2', NULL, '2019-08-18 00:00:00'),
	(82, '15036', 156, 'GRAINGER SA DE CV', 'GRA940826CI5', NULL, '2019-08-18 00:00:00'),
	(83, '15041', 156, 'GRUPO  ELCTRICO CAFRAL SA DE CV', 'GEC920624ED3', NULL, '2019-08-18 00:00:00'),
	(84, '15042', 156, 'GRUPO EMSA SA DE CV', 'GEM8101154I4', NULL, '2019-08-18 00:00:00'),
	(85, '15046', 156, 'GUMA AUTOMATIZACION S DE RL DE CV', 'GAU000228NW5', NULL, '2019-08-18 00:00:00'),
	(86, '15047', 156, 'HERMOS SA DE CV', 'HER800206R92', NULL, '2019-08-18 00:00:00'),
	(87, '15049', 156, 'HERNANDEZ GONZALEZ CARLOS', 'HEGC711026138', NULL, '2019-08-18 00:00:00'),
	(88, '15051', 156, 'HERNANDEZ MORALES GILBERTO JUAN', 'HEMG4804019S8', NULL, '2019-08-18 00:00:00'),
	(89, '15053', 156, 'HERRAMENTAL MONTERREY SA', 'HMO720515HQ3', NULL, '2019-08-18 00:00:00'),
	(90, '15056', 156, 'HUERTA PEREA FRANCISCO', 'HUPF6801241C4', NULL, '2019-08-18 00:00:00'),
	(91, '15057', 156, 'HYDRO ALUMINIUM METAL PRODUCTS', NULL, NULL, '2019-08-18 00:00:00'),
	(92, '15058', 156, 'IDS TECNICA INDUSTRIAL SA DE CV', 'ITI910531V27', NULL, '2019-08-18 00:00:00'),
	(93, '15059', 156, 'IMPRELECTRIC DE QUERETARO SA DE CV', 'IBA091110H75', NULL, '2019-08-18 00:00:00'),
	(94, '15062', 156, 'INFRA SA DE CV', 'INF891031LT4', NULL, '2019-08-18 00:00:00'),
	(95, '15065', 156, 'LA CASA DE LA BASCULASA DE CV', 'CBA770518C26', NULL, '2019-08-18 00:00:00'),
	(96, '15066', 156, 'LA FERRE COMERCIALIZADORA SA DE CV', 'FCO0310234W3', NULL, '2019-08-18 00:00:00'),
	(97, '15067', 156, 'LA PALOMA CIA DE METALES SA DE CV', 'PME760707KW3', NULL, '2019-08-18 00:00:00'),
	(98, '15069', 236, 'LAEMPE REICH', '630995716', NULL, '2019-08-18 00:00:00'),
	(99, '15070', 156, 'LATINOAMERICANA DE LUBRICANTES SA C', 'LLU051122U46', NULL, '2019-08-18 00:00:00'),
	(100, '15074', 156, 'LOPEZ PERALEZ ALEJANDRO', 'LOPA660307P89', NULL, '2019-08-18 00:00:00'),
	(101, '15083', 156, 'MARTINEZ PEREZ FEDERICO HUMBERTO', 'MAPF750203IX9', NULL, '2019-08-18 00:00:00'),
	(102, '15084', 156, 'MAVIC DE QUERETARO SA DE CV', 'MQU840615KN5', NULL, '2019-08-18 00:00:00'),
	(103, '15085', 236, 'MC MASTER-CARR SUPPLY COMPANY', '361458720', NULL, '2019-08-18 00:00:00'),
	(104, '15088', 156, 'MENDOZA UGALDE HECTOR ANTONIO', 'MEUH470309AI0', NULL, '2019-08-18 00:00:00'),
	(105, '15090', 156, 'METROLAB SA DE CV', 'MET950911GY6', NULL, '2019-08-18 00:00:00'),
	(106, '15093', 156, 'MONROY DANIEL EDUARDO', 'MODE661013NW3', NULL, '2019-08-18 00:00:00'),
	(107, '15100', 236, 'MSP SEALS INC', '352057209', NULL, '2019-08-18 00:00:00'),
	(108, '15102', 156, 'NORGREN SA DE CV', 'NOR770622C32', NULL, '2019-08-18 00:00:00'),
	(109, '15109', 156, 'PEÃ‘A RODRIGUEZ DAVID ALEJANDRO', 'PERD8105283B6', NULL, '2019-08-18 00:00:00'),
	(110, '15110', 156, 'Autotransportes Alpe?sa Quere', NULL, NULL, '2019-08-18 00:00:00'),
	(111, '15113', 156, 'PERUYERO RODRIGUEZ DAVID', 'PERD670404JE9', NULL, '2019-08-18 00:00:00'),
	(112, '15114', 156, 'PETRAMIN SA DE CV', 'PET8408178K0', NULL, '2019-08-18 00:00:00'),
	(113, '15115', 236, 'POSI FLATE INC', '410954975', NULL, '2019-08-18 00:00:00'),
	(114, '15116', 156, 'POTENCIA ELECTRICA CENTRAL SA CV', 'PEC030225KC4', NULL, '2019-08-18 00:00:00'),
	(115, '15117', 156, 'POTENCIA FLUIDA SA DE CV', 'PFL860506256', NULL, '2019-08-18 00:00:00'),
	(116, '15118', 156, 'PROD REFRACT PARA LA IND SA DE CV', 'PRI880801QNA', NULL, '2019-08-18 00:00:00'),
	(117, '15120', 156, 'PROVEEDORA METALMECANICA SA CV', 'PME811231GW1', NULL, '2019-08-18 00:00:00'),
	(118, '15124', 156, 'RABEN OUTSORCING SC', 'ROU050209DA2', NULL, '2019-08-18 00:00:00'),
	(119, '15126', 156, 'RAMOS MARTINEZ J BENITO', 'RAMJ730321522', NULL, '2019-08-18 00:00:00'),
	(120, '15131', 156, 'REPRESINDUSTRODRIGUEZ SA DE CV', 'RIR770414GA2', NULL, '2019-08-18 00:00:00'),
	(121, '15132', 156, 'RESIDUOS INDUSTRIALES MULTIQUIM SA', 'RIM850614LJ2', NULL, '2019-08-18 00:00:00'),
	(122, '15133', 156, 'REZA REYNOSO MARIA GUADALUPE', 'RERG4312124X5', NULL, '2019-08-18 00:00:00'),
	(123, '15135', 156, 'ROMVEL ALUMINIO SA DE CV', 'RAL840224512', NULL, '2019-08-18 00:00:00'),
	(124, '15140', 156, 'SEGUETAS LENMEX SA DE CV', 'SLE920904TV8', NULL, '2019-08-18 00:00:00'),
	(125, '15141', 156, 'SERFUNSA SA DE CV', 'SER770307J43', NULL, '2019-08-18 00:00:00'),
	(126, '15142', 156, 'SERVIACERO ESPECIALES SA DE CV', 'SES7402068M2', NULL, '2019-08-18 00:00:00'),
	(127, '15145', 156, 'SMART SAFETY & CONTROL PROVIDER SA', 'SSC010828HW2', NULL, '2019-08-18 00:00:00'),
	(128, '15147', 156, 'TARIMAS Y MADERAS S DE RL DE CV', 'TMA040907IP5', NULL, '2019-08-18 00:00:00'),
	(129, '15151', 156, 'TEMPER DE GUADALAJARA SA DE CV USD', 'TGU9210276U2', NULL, '2019-08-18 00:00:00'),
	(130, '15152', 236, 'TEXAS GULF SALEX CO LTD', '760612777', NULL, '2019-08-18 00:00:00'),
	(131, '15155', 156, 'TRANSPORTADORA EGOBA SA DE CV', 'TMA040907IP5', NULL, '2019-08-18 00:00:00'),
	(132, '15157', 156, 'TRAVERS TOOL S DE RL DE CV', 'TTC950110JP8', NULL, '2019-08-18 00:00:00'),
	(133, '15160', 236, 'UWT LEVEL CONTROL LLC', 'UW', NULL, '2019-08-18 00:00:00'),
	(134, '15162', 156, 'VESUVIUS MEXICO SA DE CV', 'VME651207490', NULL, '2019-08-18 00:00:00'),
	(135, '15163', 156, 'VIDAL RIVERA ADRIANA GUADALUPE', 'VIRA811212KJ4', NULL, '2019-08-18 00:00:00'),
	(136, '15164', 236, 'VJ TECHNOLOGIES', NULL, NULL, '2019-08-18 00:00:00'),
	(137, '15165', 156, 'XOLOX SA DE CV', 'XOL7708181M3', NULL, '2019-08-18 00:00:00'),
	(138, '15166', 236, 'YEZ GLOBAL INSPECTION INC', '260376479', NULL, '2019-08-18 00:00:00'),
	(139, '15185', 156, 'AFILADOS INDUSTRIALES DE QUERETARO', 'AIQ010813F60', NULL, '2019-08-18 00:00:00'),
	(140, '15189', 156, 'BOSCH REXROTH, SA DE CV', 'BRE820903BN4', NULL, '2019-08-18 00:00:00'),
	(141, '15192', 156, 'CENTRO DE ING.Y DESARR.INDUSTRIAL', 'CID840309UG7', NULL, '2019-08-18 00:00:00'),
	(142, '15198', 156, 'DEL ANGEL CISNEROS JUANA MA. AURELI', 'AECJ530208JD9', NULL, '2019-08-18 00:00:00'),
	(143, '15199', 156, 'DATACODE SOLUCIONES, S.A. DE C.V.', 'DSO0605259Z6', NULL, '2019-08-18 00:00:00'),
	(144, '15208', 156, 'FESTO PNEUMATIC, S.A.', 'FPN710301GQ3', NULL, '2019-08-18 00:00:00'),
	(145, '15210', 156, 'FRHENOSA S.A. DE C.V. (MAPAL)', 'FRH020515825', NULL, '2019-08-18 00:00:00'),
	(146, '15212', 156, 'FALCON PRECISION TOOLS SA DE CV', 'FPT051024GT2', NULL, '2019-08-18 00:00:00'),
	(147, '15213', 156, 'FAZA TECNOLOGIA SA DE CV', 'FTE010207TR6', NULL, '2019-08-18 00:00:00'),
	(148, '15222', 156, 'HEMI, S.A. DE C.V.', 'HEM790815Q3A', NULL, '2019-08-18 00:00:00'),
	(149, '15225', 156, 'HELLER MACHINE TOOLS DE MEXICO', 'HMT010417N97', NULL, '2019-08-18 00:00:00'),
	(150, '15234', 156, 'JIMENEZ CERVANTES DELFINO', 'JICD711108FV7', NULL, '2019-08-18 00:00:00'),
	(151, '15237', 236, 'KELCH INC', NULL, NULL, '2019-08-18 00:00:00'),
	(152, '15242', 156, 'MOTORES Y BOMBAS DE QRO. SA CV', 'MBQ940907GL9', NULL, '2019-08-18 00:00:00'),
	(153, '15253', 156, 'NICRO, SA DE CV', 'NIC6807298E9', NULL, '2019-08-18 00:00:00'),
	(154, '15258', 156, 'PRODUCTOS METALICOS STEEL, SA CV', 'PMS811203QE6', NULL, '2019-08-18 00:00:00'),
	(155, '15278', 156, 'SOLUCIONES EN FILTRACION,S.A. DE C.', 'SFI030318RH4', NULL, '2019-08-18 00:00:00'),
	(156, '15280', 156, 'TANNER DEL CENTRO, SA CV', 'TCE0402118I6', NULL, '2019-08-18 00:00:00'),
	(157, '15281', 156, 'TITANIO Y EQUIPOS DE PROCESO, SA CV', 'TEP0205231EA', NULL, '2019-08-18 00:00:00'),
	(158, '15296', 156, 'CASTELAN CASTRO MARCO ANTONIO', 'CACM7111083B6', NULL, '2019-08-18 00:00:00'),
	(159, '15300', 156, '3D METRISOFT, S.A. DE C.V.', 'TDM060523MP8', NULL, '2019-08-18 00:00:00'),
	(160, '15302', 156, 'SOPORTE ESPECIALIZADO DE QUERETARO,', 'SEQ070516GA5', NULL, '2019-08-18 00:00:00'),
	(161, '15304', 156, 'VICTOR HUGO CASTRO CANSINO', 'CACV611207HJ9', NULL, '2019-08-18 00:00:00'),
	(162, '15311', 156, 'MANOMETROS Y VALVULAS, S.A. DE C.V.', 'MVI8003051N5', NULL, '2019-08-18 00:00:00'),
	(163, '15328', 156, 'ASESORIA INTEGRAL EMPRESARIAL ANCON', 'AIE0111226L7', NULL, '2019-08-18 00:00:00'),
	(164, '15331', 156, 'AK CORPORACION S DE RL DE CV', 'ACO040902UR6', NULL, '2019-08-18 00:00:00'),
	(165, '15339', 156, 'BIZNET NORTEAMERICA SA DE CV', 'BNO010126FCA', NULL, '2019-08-18 00:00:00'),
	(166, '15341', 156, 'BDP INTERNATIONAL MEXICO S.A. DE C.', 'BIM030422975', NULL, '2019-08-18 00:00:00'),
	(167, '15342', 156, 'COMISION ESTATAL DE AGUAS DE QRO', 'CEA800313C95', NULL, '2019-08-18 00:00:00'),
	(168, '15343', 156, 'COMISION FEDERAL DE ELECTRICIDAD', 'CFE370814QI0', NULL, '2019-08-18 00:00:00'),
	(169, '15346', 156, 'COMPLEJO EMPRESARIAL SA DE CV', NULL, NULL, '2019-08-18 00:00:00'),
	(170, '15348', 156, 'CANO BRINDIS LYDIA DEL REFUGIO', NULL, NULL, '2019-08-18 00:00:00'),
	(171, '15351', 156, 'DISTRIBUIDORA METALICA SA DE CV', 'DME670413CU8', NULL, '2019-08-18 00:00:00'),
	(172, '15356', 156, 'ERAQUIMICOS SA DE CV', NULL, NULL, '2019-08-18 00:00:00'),
	(173, '15357', 156, 'EXPEDITORS INT DE MEXICO SA DE CV', NULL, NULL, '2019-08-18 00:00:00'),
	(174, '15358', 156, 'ESTACIONES DE SERVICIO SA DE CV', NULL, NULL, '2019-08-18 00:00:00'),
	(175, '15359', 156, 'EXTINGUIDORES ALPHA DE QRO SA CV', 'EAQ020221QL5', NULL, '2019-08-18 00:00:00'),
	(176, '15360', 156, 'ESPECIALIDADES MECANICAS INDUSTRIAL', NULL, NULL, '2019-08-18 00:00:00'),
	(177, '15361', 236, 'ETIS INC LLC', NULL, NULL, '2019-08-18 00:00:00'),
	(178, '15365', 156, 'FAUSTO SANCHEZ JOSE NICOLAS', NULL, NULL, '2019-08-18 00:00:00'),
	(179, '15366', 156, 'FEDEX FREIGHT MEXICO S RL CV', 'FFM0010313Y4', NULL, '2019-08-18 00:00:00'),
	(180, '15369', 156, 'FEDERAL EXPRESSS HOLDINGS MEX Y COM', 'FEH940630UG2', NULL, '2019-08-18 00:00:00'),
	(181, '15373', 156, 'GUTIERREZ MATA RAUL', NULL, NULL, '2019-08-18 00:00:00'),
	(182, '15377', 156, 'GEODIS WILSON MEXICO, S.A. DE C.V.', 'GWM790307NB0', NULL, '2019-08-18 00:00:00'),
	(183, '15380', 156, 'HASCO NORMALIEN MEXICO SA DE CV', 'HNM0110107W0', NULL, '2019-08-18 00:00:00'),
	(184, '15384', 156, 'HAYES LEMMERZ INTERNATIONAL S DE RL', 'HLA031114F89', NULL, '2019-08-18 00:00:00'),
	(185, '15385', 156, 'HERRAMIENTAS COMERCIALES DE QUERETA', 'HCQ011121493', NULL, '2019-08-18 00:00:00'),
	(186, '15391', 156, 'IFM EFECTOR S, DE R.L. DE C.V.', 'IEF0301023F0', NULL, '2019-08-18 00:00:00'),
	(187, '15399', 156, 'MANUFACTURERA CENTURY SA DE CV', 'MCE830331K94', NULL, '2019-08-18 00:00:00'),
	(188, '15400', 156, 'MANPOWER SA DE CV', 'MAN7106187G5', NULL, '2019-08-18 00:00:00'),
	(189, '15401', 156, 'MANOMETROS Y VALVULAS INDUST CF 153', 'MVI8003051N5', NULL, '2019-08-18 00:00:00'),
	(190, '15402', 232, 'MICRONY PLANT LTD cf 10617', '33625826542', NULL, '2019-08-18 00:00:00'),
	(191, '15404', 156, 'MOYA PALACIOS NADIA', 'MOPN780108N57', NULL, '2019-08-18 00:00:00'),
	(192, '15406', 156, 'NUEVA WALMART DE MEXICO S DE RLDE C', 'NWM9709244W4', NULL, '2019-08-18 00:00:00'),
	(193, '15407', 156, 'NAVA ESCURDIA FELIPE', NULL, NULL, '2019-08-18 00:00:00'),
	(194, '15412', 156, 'ORGANIZACION ADUANAL SIGLO XXI S.C.', 'OAS991201G11', NULL, '2019-08-18 00:00:00'),
	(195, '15416', 156, 'PRAXAIR MEXICO SA DE CV', NULL, NULL, '2019-08-18 00:00:00'),
	(196, '15417', 156, 'PEREZ ELIS MA GUADALUPE', NULL, NULL, '2019-08-18 00:00:00'),
	(197, '15418', 156, 'PRODUCTOS REFRACTPARA LA INDSA CV', 'PRI880801QNA', NULL, '2019-08-18 00:00:00'),
	(198, '15421', 156, 'PLACA Y ACERO DE QUERETARO SA CV', 'PAQ911223HN8', NULL, '2019-08-18 00:00:00'),
	(199, '15425', 156, 'PEREZ RAMIREZ ARTURO CESAR', NULL, NULL, '2019-08-18 00:00:00'),
	(200, '15428', 156, 'RADIOMOVIL DIPSA SA DE CV', 'RDI841003QJ4', NULL, '2019-08-18 00:00:00'),
	(201, '15432', 156, 'REPRESENTACIONES INDUSTRIALES RDZ S', 'RIR770414GA2', NULL, '2019-08-18 00:00:00'),
	(202, '15434', 156, 'SCHENKER INTERNATIONAL SA DE CV', 'SIN940103HG3', NULL, '2019-08-18 00:00:00'),
	(203, '15437', 156, 'SONIGAS B SA DE CV', 'SON990511MI0', NULL, '2019-08-18 00:00:00'),
	(204, '15440', 156, 'SHAMROCK INSTITUTE SC', 'SIN911219FM1', NULL, '2019-08-18 00:00:00'),
	(205, '15443', 156, 'SHORTCOMPANY DE MEXICO,S.DE R.L. DE', 'SME050719DB2', NULL, '2019-08-18 00:00:00'),
	(206, '15446', 156, 'TIENDAS SORIANA SA DE CV', 'TSO991022PB6', NULL, '2019-08-18 00:00:00'),
	(207, '15447', 156, 'TRACTEBEL DIGAQRO SA DE CV', 'TDI660211CR7', NULL, '2019-08-18 00:00:00'),
	(208, '15449', 156, 'TECNICOS Y ASESORIA INDUSTRIAL S.A.', 'TEQ820301GV9', NULL, '2019-08-18 00:00:00'),
	(209, '15450', 156, 'VILCHIS SIERRA GERMAN', NULL, NULL, '2019-08-18 00:00:00'),
	(210, '15451', 156, 'VALMEX SOLUCIONES FINANCIERAS SA DE', 'VSF920807FJ7', NULL, '2019-08-18 00:00:00'),
	(211, '15452', 156, 'VIAJES EL CORTE INGLES SA DE CV', 'VCI0004041R0', NULL, '2019-08-18 00:00:00'),
	(212, '15460', 156, 'CRONI SA DE CV', 'CRO980527NL0', NULL, '2019-08-18 00:00:00'),
	(213, '15463', 57, 'CENTURIUS IMPORT EXPORT GMBH', NULL, 'DE814392469', '2019-08-18 00:00:00'),
	(214, '15470', 156, 'GUTIERREZ MATA RAUL', NULL, NULL, '2019-08-18 00:00:00'),
	(215, '15471', 236, 'GADEN INDUSTRIAL LLC', '743015250', NULL, '2019-08-18 00:00:00'),
	(216, '15472', 156, 'GUTIERREZ ALVAREZ ANTONIO JUAN JOSE', 'GUAA590430BQ1', NULL, '2019-08-18 00:00:00'),
	(217, '15476', 156, 'HURTADO MORENO JOSE', NULL, NULL, '2019-08-18 00:00:00'),
	(218, '15489', 156, 'ORGANIZACION ADUANAL SIGLO XXI S.C.', NULL, NULL, '2019-08-18 00:00:00'),
	(219, '15497', 236, 'ROBERT BOSCH CORP.', NULL, NULL, '2019-08-18 00:00:00'),
	(220, '15500', 156, 'RSM BOGARIN, ERHARD, PADILLA, ALVAR', 'RBO020620NDA', NULL, '2019-08-18 00:00:00'),
	(221, '15507', 156, 'ZZZ EN ATTENTE', NULL, NULL, '2019-08-18 00:00:00'),
	(222, '15508', 236, 'TEXAS GULF SALES CO. LTD CF 15152', NULL, NULL, '2019-08-18 00:00:00'),
	(223, '15509', 156, 'TAPIA GARAY MARIA ESTHER', 'TAGE730815IR4', NULL, '2019-08-18 00:00:00'),
	(224, '15510', 111, 'TURIAN ENG, S.R.L.', NULL, NULL, '2019-08-18 00:00:00'),
	(225, '15512', 156, 'VALMEX SOLUCIONES FINANCIERAS SA CV', 'VSF920807FJ7', NULL, '2019-08-18 00:00:00'),
	(226, '15518', 156, 'TEMPER DE GUADALAJARA SA DE CV MXN', 'TGU9210276U2', NULL, '2019-08-18 00:00:00'),
	(227, '15526', 156, 'VARGAS FERNANDEZ OSCAR', NULL, NULL, '2019-08-18 00:00:00'),
	(228, '15531', 156, 'MACIAS FRANCO SERGIO OMAR', 'MAAJ480914JT3', NULL, '2019-08-18 00:00:00'),
	(229, '15537', 156, 'FUMIGANDO PARA LA SOCIEDAD AMBIENTA', 'FAM030509C13', NULL, '2019-08-18 00:00:00'),
	(230, '15551', 156, 'ASITEC TOOLING SA DE CV', 'ATO080725BP6', NULL, '2019-08-18 00:00:00'),
	(231, '15553', 57, 'SAMAG cf12486', NULL, 'DE812187835', '2019-08-18 00:00:00'),
	(232, '15556', 156, 'HYDRAULIC AND NEUMATIC ORIGINAL PAR', 'HNO0702209F8', NULL, '2019-08-18 00:00:00'),
	(233, '15564', 156, 'NAUMEX SA DE CV', NULL, NULL, '2019-08-18 00:00:00'),
	(234, '15565', 156, 'WILCON INGENIERIA Y DIBUJO SA DE CV', 'WID860314620', NULL, '2019-08-18 00:00:00'),
	(235, '15567', 156, 'PROTEC Y SEG PRIVADA INDUST DE QR', 'PSP950109IS3', NULL, '2019-08-18 00:00:00'),
	(236, '15572', 156, 'VAZQUEZ OLVERA LETICIA', NULL, NULL, '2019-08-18 00:00:00'),
	(237, '15573', 156, 'IMPLEMENTOS Y SERVICIOS ELECTRONICO', 'ISE880418HR3', NULL, '2019-08-18 00:00:00'),
	(238, '15574', 156, 'PETKOV ZLATEV STEFAN', 'PEZS4805087E5', NULL, '2019-08-18 00:00:00'),
	(239, '15578', 156, 'DIST IND DE BALEROS', 'DIB851122N17', NULL, '2019-08-18 00:00:00'),
	(240, '15579', 156, 'LECO MEXICO S DE RL DE CV', 'LME790222A26', NULL, '2019-08-18 00:00:00'),
	(241, '15586', 156, 'FERNANDEZ MARTINEZ FIDENCIO', 'FEMF6601288UA', NULL, '2019-08-18 00:00:00'),
	(242, '15599', 156, 'VSM ABRASIVES SA DE CV', NULL, NULL, '2019-08-18 00:00:00'),
	(243, '15600', 156, 'HEXAGON METROLOGY S DE RL DE CV', 'HME020219V19', NULL, '2019-08-18 00:00:00'),
	(244, '15605', 156, 'BROCHAS Y CEPILLOS SULTANA', 'BCS890315ER0', NULL, '2019-08-18 00:00:00'),
	(245, '15606', 156, 'GRAUTO SA DE CV', 'GRA830803QSA', NULL, '2019-08-18 00:00:00'),
	(246, '15609', 156, 'ZZZ ESPECIALIDADES ELECTDE MEXICO S', 'EEM060531AA7', NULL, '2019-08-18 00:00:00'),
	(247, '15618', 156, 'GUZMAN BARRERA HILDA LOURDES', 'GUBH5205103S0', NULL, '2019-08-18 00:00:00'),
	(248, '15628', 76, 'HAM FRANCE CF 10275 & 14320 FOR REP', NULL, 'FR24323997270', '2019-08-18 00:00:00'),
	(249, '15630', 156, 'GRANADOS NAVA LILIANA', 'GANL750807SQ0', NULL, '2019-08-18 00:00:00'),
	(250, '15641', 236, 'DRACHE USA', '3066002872', NULL, '2019-08-18 00:00:00'),
	(251, '15642', 236, 'I SQUARED R ELEMENT CO INC', '160876498', NULL, '2019-08-18 00:00:00'),
	(252, '15643', 236, 'IGUS INC', '50419384', NULL, '2019-08-18 00:00:00'),
	(253, '15649', 156, 'SKF DE MEXICO SA DE CV', 'SME9011168X4', NULL, '2019-08-18 00:00:00'),
	(254, '15657', 156, 'HEWLETT-PACKARD MEXICO S DE RL DE C', 'HME871101RG3', NULL, '2019-08-18 00:00:00'),
	(255, '15664', 156, 'VIAJES EL CORTE INGLES SA DE CV', 'VCI0004041R0', NULL, '2019-08-18 00:00:00'),
	(256, '15673', 156, 'RSM BOGARIN ERHARD PADILLA ALVAREZ', 'RBO020620NDA', NULL, '2019-08-18 00:00:00'),
	(257, '15685', 156, 'SUHNER PRODINDUSTMEXICANOS SA CV', 'SPI920803QG8', NULL, '2019-08-18 00:00:00'),
	(258, '15691', 156, 'SEGURIDAD PRIV IND APLICADA SA CV', 'SPI961030I4A', NULL, '2019-08-18 00:00:00'),
	(259, '15692', 111, 'BOSELLO HIGH TECHNOLOGY SRL', NULL, 'IT01998910127', '2019-08-18 00:00:00'),
	(260, '15694', 156, 'INSERTOS PASTILLAS Y HERRAMIENTAS S', 'IPH770215RG5', NULL, '2019-08-18 00:00:00'),
	(261, '15695', 156, 'BANDAS ESPECIALES DE QUERETARO S RL', 'BEQ050913HT6', NULL, '2019-08-18 00:00:00'),
	(262, '15722', 156, 'ZZZ EN ATTENTE', NULL, NULL, '2019-08-18 00:00:00'),
	(263, '15723', 156, 'PROVEEDORES VARIOS', NULL, NULL, '2019-08-18 00:00:00'),
	(264, '15724', 156, 'PROVEEDORES VARIOS', 'AABC5207225V2', NULL, '2019-08-18 00:00:00'),
	(265, '15725', 156, 'ELECTRONICA ZARAGOZA S DE RL', 'EZA070216RN3', NULL, '2019-08-18 00:00:00'),
	(266, '15726', 156, 'SEVICIO PANORAMA SA DE CV', NULL, NULL, '2019-08-18 00:00:00'),
	(267, '15729', 68, 'ALEASTUR (ASTURIANA DE ALEACIONES S', NULL, 'ESA33072711', '2019-08-18 00:00:00'),
	(268, '15740', 156, 'ONLINE CAREER CENTER MEXICO SA DE C', 'OCC9611015V7', NULL, '2019-08-18 00:00:00'),
	(269, '15741', 156, 'C&H PRODUCTOS INDUSTRIALES S RL CV', 'CPI021010RE1', NULL, '2019-08-18 00:00:00'),
	(270, '15742', 156, 'ZZZ EN ATTENTE', NULL, NULL, '2019-08-18 00:00:00'),
	(271, '15759', 156, 'INNOVACION CONECTIVA SA DE CV', 'ICO070315RU7', NULL, '2019-08-18 00:00:00'),
	(272, '15761', 156, 'CABLES Y EQUPOS SA DE CV', 'CEQ870817CI1', NULL, '2019-08-18 00:00:00'),
	(273, '15764', 156, 'C H A INGENIEROS QUERETARO SA DE CV', 'CHI001204B74', NULL, '2019-08-18 00:00:00'),
	(274, '15768', 156, 'KLUBER LUBRICACION MEXICANA SA CV', 'KLM860411MD2', NULL, '2019-08-18 00:00:00'),
	(275, '15775', 156, 'ZARATE LOPEZ LUIS RANULFO', 'ZALL720302IC9', NULL, '2019-08-18 00:00:00'),
	(276, '15779', 156, 'FIRE & GAS DETECTION SA DE CV', 'F&G051209ED6', NULL, '2019-08-18 00:00:00'),
	(277, '15785', 156, 'WESS CORPORATE, S.A. DE C.V.', 'WCO030305BJ5', NULL, '2019-08-18 00:00:00'),
	(278, '15788', 156, 'TORNILLOS ESPECIALIZADOS DE QRO, SA', 'TEQ820301GV9', NULL, '2019-08-18 00:00:00'),
	(279, '15793', 156, 'AXSON MEXICO SA DE CV', 'AME960320RB8', NULL, '2019-08-18 00:00:00'),
	(280, '15820', 236, 'BURR KING MFTG. CO., INC', '431869429', NULL, '2019-08-18 00:00:00'),
	(281, '15825', 156, 'PROV. INDUSTRIAL VARGAS SA DE CV', 'PIV920601SJ0', NULL, '2019-08-18 00:00:00'),
	(282, '15829', 156, 'VEGA FERRUZCA OMAR', 'VEFO780214CG5', NULL, '2019-08-18 00:00:00'),
	(283, '15830', 156, 'VSM MEXICO SA DE CV', 'VME090427NR1', NULL, '2019-08-18 00:00:00'),
	(284, '15831', 156, 'INTERNATIONAL SPRING S DE RL DE CV', 'ISP030912BU1', NULL, '2019-08-18 00:00:00'),
	(285, '15832', 156, 'SUMINISTROS ERSA SA DE CV', 'SER94060925A', NULL, '2019-08-18 00:00:00'),
	(286, '15840', 156, 'VARGAS FERNANDEZ EDGAR', 'VAFE740304FC6', NULL, '2019-08-18 00:00:00'),
	(287, '15841', 156, 'GRUPO OUT HELPING, SA DE CV', 'GOH0402248U2', NULL, '2019-08-18 00:00:00'),
	(288, '15843', 156, '3G HERRAMIENTAS SA DE CV', 'TGH0105283S8', NULL, '2019-08-18 00:00:00'),
	(289, '15869', 156, 'GONZALEZ ROJAS MA. TERESA ARAC', 'GORT641015IJ5', NULL, '2019-08-18 00:00:00'),
	(290, '15873', 156, 'RANGEL ARCOS NOEMI ELENA', 'RAAE690720FD7', NULL, '2019-08-18 00:00:00'),
	(291, '15888', 156, 'SOLUCIONES QUIMICAS MESAL SA DE CV', 'SQM990421KP1', NULL, '2019-08-18 00:00:00'),
	(292, '15889', 156, 'HULES Y EMPAQUES DE QRO SA DE CV', 'HEQ0612089F0', NULL, '2019-08-18 00:00:00'),
	(293, '15890', 236, 'ALLOY DIE CASTING CO', '330730335', NULL, '2019-08-18 00:00:00'),
	(294, '15923', 156, 'LUBRICANTES DE AMERICA SA DE CV', 'LAM951127KF6', NULL, '2019-08-18 00:00:00'),
	(295, '15924', 156, 'PINTURAS ACUARIO DE QRO SA DE CV', 'PAQ940812UM1', NULL, '2019-08-18 00:00:00'),
	(296, '15929', 156, 'ALEACIONES Y METALES INDUSTRIALES D', NULL, NULL, '2019-08-18 00:00:00'),
	(297, '15945', 156, 'CENTRO DE INVESTIGACION Y DESARROLL', 'CID840309UG7', NULL, '2019-08-18 00:00:00'),
	(298, '15948', 156, 'RENTA QUERETARO SA DE CV', 'RQU981113MPA', NULL, '2019-08-18 00:00:00'),
	(299, '15949', 156, 'ARELLANO DIAZ MARY CARMEN', 'AEDM800413V85', NULL, '2019-08-18 00:00:00'),
	(300, '15952', 156, 'CONTENEDORES Y QUIMICOS SA DE CV', 'CQM970627HV6', NULL, '2019-08-18 00:00:00'),
	(301, '15953', 156, 'VAZQUEZ CASTILLO FERNANDO', 'VACF521124LE5', NULL, '2019-08-18 00:00:00'),
	(302, '15958', 156, 'SOFTERMIA SA DE CV', 'SOF910130C24', NULL, '2019-08-18 00:00:00'),
	(303, '15960', 156, 'AMSOLV DE MEXICO SA DE CV', 'AME040914UX3', NULL, '2019-08-18 00:00:00'),
	(304, '15961', 156, 'ARCEGA PEREZ OSCAR', 'AEPO591223UE9', NULL, '2019-08-18 00:00:00'),
	(305, '15963', 236, 'AUTOMOTIVE INDUSTRY ACTION GROUP', NULL, NULL, '2019-08-18 00:00:00'),
	(306, '15964', 156, 'INGENIERIA Y ESTUDIOS AMBIENTALES S', 'IEA9304265N2', NULL, '2019-08-18 00:00:00'),
	(307, '15968', 156, 'VICONT SA DE CV', 'VIC920521R6A', NULL, '2019-08-18 00:00:00'),
	(308, '15969', 156, 'SISTEMAS DE COPIADO Y MAT SA CV', 'SCM9906173J2', NULL, '2019-08-18 00:00:00'),
	(309, '15970', 156, 'SUMINISTROS IND. P/MANTTO SA CV', 'SIM021213LB2', NULL, '2019-08-18 00:00:00'),
	(310, '15978', 156, 'FLEJES Y ACCESORIOS DE QRO SA CV', 'FAQ860728V95', NULL, '2019-08-18 00:00:00'),
	(311, '15994', 156, 'POCHTECA MATERIAS PRIMAS SA DE CV', 'PMP950301S62', NULL, '2019-08-18 00:00:00'),
	(312, '15999', 156, 'VAZQUEZ CASTILLO FERNANDO', 'VACF521124LE5', NULL, '2019-08-18 00:00:00'),
	(313, '16028', 156, 'BENITEZ HERNANDEZ JOSE', 'BEHJ560314269', NULL, '2019-08-18 00:00:00'),
	(314, '16038', 156, 'DHL EXPRESS MEXICO SA DE CV', 'DEM8801152E9', NULL, '2019-08-18 00:00:00'),
	(315, '16039', 156, 'GRUPO INDUSTRIAL TABAGOURMET SA DE', NULL, NULL, '2019-08-18 00:00:00'),
	(316, '16040', 156, 'GRUPO OUT HELPING SA DE CV', 'GOH0402248U2', NULL, '2019-08-18 00:00:00'),
	(317, '16044', 156, 'BECERRA GONZALEZ NICOLAS', 'BEGN5208148L0', NULL, '2019-08-18 00:00:00'),
	(318, '16049', 156, 'HEXAGON METROLOGY S DE RL DE CV', 'HME020219V19', NULL, '2019-08-18 00:00:00'),
	(319, '16050', 156, 'ATRYA PLAST SA DE CV', 'APL031117EK5', NULL, '2019-08-18 00:00:00'),
	(320, '16059', 156, 'CONTENEDORES Y QUIM DE MEX SA CV', 'CQM970627HV6', NULL, '2019-08-18 00:00:00'),
	(321, '16061', 156, 'MELKART CONSORCIO ADUANAL SC', 'MCA0604281F9', NULL, '2019-08-18 00:00:00'),
	(322, '16063', 156, 'INMUEBLES IBERIA DE QUERETARO SA', 'IIQ7906139H5', NULL, '2019-08-18 00:00:00'),
	(323, '16068', 156, 'MELKART CONSORCIO ADUANAL SC', 'MCA0604281F9', NULL, '2019-08-18 00:00:00'),
	(324, '16070', 236, 'DANIEL B. HASTING INC', NULL, NULL, '2019-08-18 00:00:00'),
	(325, '16071', 156, 'HAPAG LLOYD MEXICO SA DE CV', NULL, NULL, '2019-08-18 00:00:00'),
	(326, '16074', 156, 'RUANOVA ZARATE MARIO DAVID', NULL, NULL, '2019-08-18 00:00:00'),
	(327, '16083', 156, 'SANCHEZ BALDERAS ESTELA', NULL, NULL, '2019-08-18 00:00:00'),
	(328, '16093', 156, 'MEDINA CABALLERO LUIS ARMANDO', NULL, NULL, '2019-08-18 00:00:00'),
	(329, '16099', 156, 'CHAVEZ REYES ELVIRA', 'CARE740125M97', NULL, '2019-08-18 00:00:00'),
	(330, '16103', 236, 'FLUKE CORPORATION', '91 0606624', NULL, '2019-08-18 00:00:00'),
	(331, '16105', 156, 'SERVICIOS ESPECIALIZADOS SEG Y VIG', 'SES9308094Z5', NULL, '2019-08-18 00:00:00'),
	(332, '16107', 156, 'CAMPOS GUDIÃ‘O ROCIO', 'CAGR850804II3', NULL, '2019-08-18 00:00:00'),
	(333, '16137', 156, 'HOTELES JURICA SA DE CV', 'HJU850831TF4', NULL, '2019-08-18 00:00:00'),
	(334, '16139', 156, 'PRODUCCION CNC SA DE CV', 'PCN020703635', NULL, '2019-08-18 00:00:00'),
	(335, '16198', 156, 'KOPAR SA DE CV', 'KOP830924B84', NULL, '2019-08-18 00:00:00'),
	(336, '16201', 156, 'CAST METALLURGY SA DE CV', 'CME020502111', NULL, '2019-08-18 00:00:00'),
	(337, '16202', 199, 'HYDRO ALUMINIUM ASIA PTE LTD', NULL, NULL, '2019-08-18 00:00:00'),
	(338, '16222', 156, 'ZZZ', 'HEM780815Q3A', NULL, '2019-08-18 00:00:00'),
	(339, '16233', 156, 'HDI SEGUROS SA DE CV', 'HSE701218532', NULL, '2019-08-18 00:00:00'),
	(340, '16234', 156, 'SISTEMAS Y EQUIPOS DE LUBRICACION S', 'SEL8612196R5', NULL, '2019-08-18 00:00:00'),
	(341, '16247', 156, 'ACE SEGUROS SA', 'ASE901221SM4', NULL, '2019-08-18 00:00:00'),
	(342, '16283', 156, 'DISTRIBUIDORA ACEROS QUERETARO SA D', 'DAQ9903081N7', NULL, '2019-08-18 00:00:00'),
	(343, '16294', 156, 'MAHR CORPORATION DE MEXICO', 'MCM960808EG6', NULL, '2019-08-18 00:00:00'),
	(344, '16295', 156, 'ABRAHAM ORNELAS LOPEZ', 'OELA800219C80', NULL, '2019-08-18 00:00:00'),
	(345, '16305', 156, 'ELECTRONICA STEREN SA DE CV', 'EZA070216RN3', NULL, '2019-08-18 00:00:00'),
	(346, '16307', 156, 'AIRES Y EQUIPOS REFRIGERAC SA CV', 'AER0506156J7', NULL, '2019-08-18 00:00:00'),
	(347, '16311', 156, 'CANDELAS MENDIOLA MA DE LA LUZ', 'CAML720430V39', NULL, '2019-08-18 00:00:00'),
	(348, '16315', 156, 'DELCAS UNIFORMES SA DE CV', 'DUN090914IWA', NULL, '2019-08-18 00:00:00'),
	(349, '16317', 156, 'TRITECH MEXICO SA DE CV', 'TME0006138QA', NULL, '2019-08-18 00:00:00'),
	(350, '16329', 156, 'ALSA DOSIMETRIA S DE RL DE CV', 'ADO080314CC9', NULL, '2019-08-18 00:00:00'),
	(351, '16338', 156, 'TECNOSERVICIOS INDU DEL BAJIO SA DE', 'TSI010405NT8', NULL, '2019-08-18 00:00:00'),
	(352, '16345', 156, 'MESS S C', 'MES090327LR5', NULL, '2019-08-18 00:00:00'),
	(353, '16362', 156, 'OFFICE DEPOT DE MEXICO SA CV', 'ODM950324V2A', NULL, '2019-08-18 00:00:00'),
	(354, '16363', 156, 'HETEROCICLICOS DE MEXICO SA DE CV', 'HME890724MI5', NULL, '2019-08-18 00:00:00'),
	(355, '16369', 156, 'AMAURY ISAY MACIAS SANCHEZ', 'MASA890505UK3', NULL, '2019-08-18 00:00:00'),
	(356, '16370', 156, 'GADEN SA DE CV', 'GAD950614734', NULL, '2019-08-18 00:00:00'),
	(357, '16391', 156, 'ROMERO PATIÃ‘O ANDRES MANUEL', 'ROPA731002L57', NULL, '2019-08-18 00:00:00'),
	(358, '16418', 156, 'HADEO ADMINISTRACION DE SERVICIOS', 'HAD061206NM4', NULL, '2019-08-18 00:00:00'),
	(359, '16419', 156, 'HADEO ADMINISTRACION DE SERVICIOS', 'HAD061206NM4', NULL, '2019-08-18 00:00:00'),
	(360, '16450', 156, 'ACAT MEXICANA S.A. DE C.V.', 'AME840801T38', NULL, '2019-08-18 00:00:00'),
	(361, '16460', 156, 'COPACK DE QUERETARO', 'CQU080425623', NULL, '2019-08-18 00:00:00'),
	(362, '16464', 156, 'MALLAS Y CERCAS Y ACCESORIOS', 'MCA1002186Q4', NULL, '2019-08-18 00:00:00'),
	(363, '16469', 156, 'STUDIO GRAFICO, S.A DE C.V.', 'SGR9902191Z7', NULL, '2019-08-18 00:00:00'),
	(364, '16479', 156, 'CONDITION MONITORING TECHNOLOGIES', 'CTE080616S17', NULL, '2019-08-18 00:00:00'),
	(365, '16496', 156, 'SERVICIOS KEYSTONE MEX SA DE CV', 'SKM960905JQ1', NULL, '2019-08-18 00:00:00'),
	(366, '16498', 236, 'MITSUBISHI INTERNATIONAL CORP', '135630301', NULL, '2019-08-18 00:00:00'),
	(367, '16510', 156, '3D QUALITY SERVICES SA DE CV', 'DQS091125FW2', NULL, '2019-08-18 00:00:00'),
	(368, '16513', 156, 'POTOSINOS EXPRESS PACK SA DE CV', 'PEP0604182E3', NULL, '2019-08-18 00:00:00'),
	(369, '16526', 156, 'PYROTEK MEXICO S DE RL DE CV', 'PME9910228P7', NULL, '2019-08-18 00:00:00'),
	(370, '16529', 156, 'GRISELDA CORONA BARCENAS', 'COBG720212IR6', NULL, '2019-08-18 00:00:00'),
	(371, '16546', 156, 'RADIO INGENIERIA QUERETARO SA DE CV', 'RIQ9911233C1', NULL, '2019-08-18 00:00:00'),
	(372, '16580', 236, 'CICS AMERICAS', '203477193', NULL, '2019-08-18 00:00:00'),
	(373, '17076', 156, 'HYDRO POWER INTERNATIONAL S RL DE C', 'HPI100802FL6', NULL, '2019-08-18 00:00:00'),
	(374, '17087', 156, 'KANI CONSTRUCTORA SA DE CV', 'KCO991215KN2', NULL, '2019-08-18 00:00:00'),
	(375, '17109', 156, 'ASK CHEMICALS DE MEXICO S DE RL DE', 'ACM101020PX8', NULL, '2019-08-18 00:00:00'),
	(376, '17128', 156, 'MOCE INGENIERIA SA DE CV', 'MIN090611LA2', NULL, '2019-08-18 00:00:00'),
	(377, '17130', 156, 'SEGUROS ARGOS SA DE CV', 'SAR0210119D5', NULL, '2019-08-18 00:00:00'),
	(378, '17156', 156, 'GUILLERMINA HERNANDEZ AVILA', NULL, NULL, '2019-08-18 00:00:00'),
	(379, '17225', 156, 'FUSILED SA DE CV', 'FUS081205924', NULL, '2019-08-18 00:00:00'),
	(380, '17259', 156, 'JOSE MARTIN GARCIA OLVERA', 'GAOM6303191M5', NULL, '2019-08-18 00:00:00'),
	(381, '17265', 156, 'ASESORES EN LUBRICANTES SA DE CV', 'ALU9806035I0', NULL, '2019-08-18 00:00:00'),
	(382, '17270', 156, 'AR PIROMETRIA E INGENIERIA SA DE CV', 'API041216IZ3', NULL, '2019-08-18 00:00:00'),
	(383, '17271', 156, 'SEGURIDAD INDUSTRIAL AMIGO SA DE CV', 'SIA9309071A5', NULL, '2019-08-18 00:00:00'),
	(384, '17296', 156, 'CARLOS GUILLERMO GUADARRAMA RIVERA', NULL, NULL, '2019-08-18 00:00:00'),
	(385, '17297', 156, 'MA. RUBICELA LOPEZ LOPEZ', 'LOLM7303232W9', NULL, '2019-08-18 00:00:00'),
	(386, '17322', 156, 'PLC TECHNOLOGY SA DE CV', 'PTE070612J99', NULL, '2019-08-18 00:00:00'),
	(387, '17330', 156, 'DISTRIBUIDORA PERMO SA DE CV', 'DPE920106IC8', NULL, '2019-08-18 00:00:00'),
	(388, '17343', 156, 'GERARDO MEDINA MARTINEZ', NULL, NULL, '2019-08-18 00:00:00'),
	(389, '17344', 236, 'C.H. ROBINSON WORLDWIDE INC', '410680048', NULL, '2019-08-18 00:00:00'),
	(390, '17366', 236, 'CENTRIC INTERNATIONAL INC.', '261340672', NULL, '2019-08-18 00:00:00'),
	(391, '17367', 156, 'UNITED PARCEL SERVICE DE MEXICO SA', 'UPS891122HV8', NULL, '2019-08-18 00:00:00'),
	(392, '17369', 156, 'JESUS FERNANDO ZUÃ‘IGA LALO', 'ZULJ590605279', NULL, '2019-08-18 00:00:00'),
	(393, '17374', 156, 'GISAN MAQUILAS Y CONFECCIONES SA DE', 'GMC961213972', NULL, '2019-08-18 00:00:00'),
	(394, '17385', 156, 'ADRIANA DANIELA VALDES PEÃ‘A', 'VAPA8807306N9', NULL, '2019-08-18 00:00:00'),
	(395, '17392', 156, 'EUROTOOL SA DE CV', 'EUR000217JI0', NULL, '2019-08-18 00:00:00'),
	(396, '17423', 156, 'IMPRELECTRIC DEL BAJIO SA DE CV', 'IBA091110H75', NULL, '2019-08-18 00:00:00'),
	(397, '17425', 156, 'ESPECIALIDADES GRAFICAS DE QUERETAR', 'EGQ070227CQ7', NULL, '2019-08-18 00:00:00'),
	(398, '17426', 156, 'INDUSTRIA MANUFACTURERA SAN JUAN SA', 'IMS081013VC4', NULL, '2019-08-18 00:00:00'),
	(399, '17428', 156, 'LOPEZ HURTADO ROSA MARIA', 'LOHR630819HC5', NULL, '2019-08-18 00:00:00'),
	(400, '17467', 156, 'FRESAS Y RIMAS DE MEXICO SA DE CV', 'FRM820330913', NULL, '2019-08-18 00:00:00'),
	(401, '17472', 236, 'BECK ALUMINIUM ALLOYS', '201148801', NULL, '2019-08-18 00:00:00'),
	(402, '17482', 156, 'ASOCIACION DE EMPRESARIOS', 'AEP0607135N5', NULL, '2019-08-18 00:00:00'),
	(403, '17485', 156, 'ASOCIACION DE EJECUTIVOS DE RELACIO', 'AER710428JYA', NULL, '2019-08-18 00:00:00'),
	(404, '17499', 156, 'PROLIMPIEZA', 'PRO020416FN7', NULL, '2019-08-18 00:00:00'),
	(405, '17510', 156, 'ESKALA MEXICO', 'EME070308NY0', NULL, '2019-08-18 00:00:00'),
	(406, '17558', 156, 'JOSE ALFREDO LOZANO ORTEGA', 'LOOA530331A48', NULL, '2019-08-18 00:00:00'),
	(407, '17562', 156, 'E INGENIERIA HIDRAULICA SA DE CV', 'CSI910402R88', NULL, '2019-08-18 00:00:00'),
	(408, '17579', 76, 'ECOBOME INDUSTRIE SARL', NULL, 'FR35451528541', '2019-08-18 00:00:00'),
	(409, '17585', 22, 'ALBA - ALUMINIUM BAHRAIN B.S.C', 'ESN6401003F', NULL, '2019-08-18 00:00:00'),
	(410, '17587', 156, 'OSCAR ORTEGA MOLINA', 'OEMO7304146I6', NULL, '2019-08-18 00:00:00'),
	(411, '17588', 156, 'ALKAGEN, S.A. DE C.V. CF CODE 15973', 'ALK090520N32', NULL, '2019-08-18 00:00:00'),
	(412, '17589', 143, 'DAVID SALAZAR RESENDIZ', 'SARD620813JR5', NULL, '2019-08-18 00:00:00'),
	(413, '17590', 156, 'SICAM TECHNOLOGY SA DE CV', 'STE0801216M6', NULL, '2019-08-18 00:00:00'),
	(414, '17591', 156, 'AMPARO MEDINA RUIZ', 'MERA600228GW5', NULL, '2019-08-18 00:00:00'),
	(415, '17595', 156, 'INDUSTRIAL CHEMICAL COATING DE MEXI', 'ICC990412ET2', NULL, '2019-08-18 00:00:00'),
	(416, '17610', 156, 'OSCAR GALICIA MANCERA', 'GAMO700208LG1', NULL, '2019-08-18 00:00:00'),
	(417, '17616', 156, 'EDENRED MEXICO S.A. DE C.V.', 'ASE930924SS7', NULL, '2019-08-18 00:00:00'),
	(418, '17622', 156, 'JEMBELT S.A DE .C.V', 'JEM101111QTA', NULL, '2019-08-18 00:00:00'),
	(419, '17635', 156, 'MC MICROCOMPUTACION S.A. DE C.V.', 'MCM8906284HA', NULL, '2019-08-18 00:00:00'),
	(420, '17639', 156, 'RAMIREZ HERNANDEZ JOEL FRANCISCO', 'RAHJ850713SI0', NULL, '2019-08-18 00:00:00'),
	(421, '17687', 156, 'CONTENEDORES Y QUIMICOS DE MEXICO S', 'CQM970627HV6', NULL, '2019-08-18 00:00:00'),
	(422, '17689', 156, 'DMG MORI SEIKI MEXICO SA DE CV', 'DMS010309DR0', NULL, '2019-08-18 00:00:00'),
	(423, '17690', 156, 'LOS AZULEJOS GASTRONOMIA SA DE CV', NULL, NULL, '2019-08-18 00:00:00'),
	(424, '17701', 156, 'HEAT TRANSFER COMPONENTS, S.A. DE C', 'HTC041215LH1', NULL, '2019-08-18 00:00:00'),
	(425, '17702', 156, 'ESPINO VEGA MIGUEL', NULL, NULL, '2019-08-18 00:00:00'),
	(426, '17710', 156, 'AMERICAN SEAL SA DE CV', NULL, NULL, '2019-08-18 00:00:00'),
	(427, '17717', 156, 'TECNOLOGIA NEUMATICA', 'TNI080818AY6', NULL, '2019-08-18 00:00:00'),
	(428, '17726', 156, 'PROVEEDORA INDUSTRIAL DE INSUMOS BA', 'PII810325L7A', NULL, '2019-08-18 00:00:00'),
	(429, '17727', 156, 'PLASTICASA, S.A DE C.V', 'PLA040830Q5A', NULL, '2019-08-18 00:00:00'),
	(430, '17729', 156, 'MAQUINARIA INDUSTRIAL CABRERA', 'MIC900425KFA', NULL, '2019-08-18 00:00:00'),
	(431, '17770', 156, 'INDUSTRIAS DAMEL', 'IDA110701GF8', NULL, '2019-08-18 00:00:00'),
	(432, '17774', 156, 'SURA CAJAS Y EMPAQUES DE CARTON', 'SCE100505995', NULL, '2019-08-18 00:00:00'),
	(433, '17783', 156, 'SUPPLY CHAIN DE MEXICO S. DE R.L. D', 'SCM030219TW5', NULL, '2019-08-18 00:00:00'),
	(434, '17790', 156, 'EDUARDO MULAS RUIZ', 'MURE661030BIA', NULL, '2019-08-18 00:00:00'),
	(435, '17809', 156, 'SOCIEDAD COOPERATIVA DE TRANSPORTES', NULL, NULL, '2019-08-18 00:00:00'),
	(436, '17813', 156, 'GRUPO INDMAN, S.A. DE C.V.', 'GIN031014371', NULL, '2019-08-18 00:00:00'),
	(437, '17814', 156, 'DEICOMS S.A. DE C.V.', 'DEI040225N32', NULL, '2019-08-18 00:00:00'),
	(438, '17829', 156, 'REFACCIONES ESPECIALES GCM S.A', 'REC060120DJ0', NULL, '2019-08-18 00:00:00'),
	(439, '17841', 76, 'DEGOMME BOCCARD S.A.S.', '30512100000000', 'FR75305120602', '2019-08-18 00:00:00'),
	(440, '17844', 156, 'MECASOFT S.A. DE C.V.', NULL, NULL, '2019-08-18 00:00:00'),
	(441, '17864', 156, 'GRUPO MEDI MARK S A DE C V', 'GMM9910289Z5', NULL, '2019-08-18 00:00:00'),
	(442, '17872', 156, 'OFIX SA. DE C.V', 'OFI920113KZ8', NULL, '2019-08-18 00:00:00'),
	(443, '17887', 156, 'VICTOR FELIPE MARQUEZ ALVAREZ', 'MAAV820817MB7', NULL, '2019-08-18 00:00:00'),
	(444, '17900', 156, 'CLARITY SYSTEMS SA DE CV', 'CSY990218HI1', NULL, '2019-08-18 00:00:00'),
	(445, '17904', 156, 'LINARAND S.A. DE C.V.', 'LIN870902RX4', NULL, '2019-08-18 00:00:00'),
	(446, '17909', 156, 'METAL EUTECTIC, S.A DE C.V.', 'MEU930812GH6', NULL, '2019-08-18 00:00:00'),
	(447, '17915', 156, 'CHEMETALL MEXICANA S.A DE C.V', 'CME9309152W2', NULL, '2019-08-18 00:00:00'),
	(448, '17917', 42, 'BLUEQUEST RESOURCES AG', NULL, NULL, '2019-08-18 00:00:00'),
	(449, '17918', 156, 'SOLINCO, S.A. DE C.V.', 'SOL020725RV1', NULL, '2019-08-18 00:00:00'),
	(450, '17941', 156, 'KUEHNE + NAGEL, S.A. DE C.V', 'KSN0308143M5', NULL, '2019-08-18 00:00:00'),
	(451, '17985', 156, 'DIESTRO PENSIONES S.A.P.I. DE C.V.', 'DPE100818D54', NULL, '2019-08-18 00:00:00'),
	(452, '18006', 156, 'CONSORCIO CIENTIFICO DEL BAJIO, SA', 'CCB920617DA8', NULL, '2019-08-18 00:00:00'),
	(453, '18026', 156, 'FILTROS Y SERVICIOS DE MEXICO S.A.', 'FSM990708526', NULL, '2019-08-18 00:00:00'),
	(454, '18051', 156, 'HERNANDEZ ARREDONDO JOSE DOLORES', 'HEAD550915PS6', NULL, '2019-08-18 00:00:00'),
	(455, '18075', 156, 'FM GASTRONOMIA S.A. DE C.V.', 'FGA120229FN0', NULL, '2019-08-18 00:00:00'),
	(456, '18079', 156, 'AB INSTRUMENTS CONTROL, S.A. DE C.V', 'AIC1010127S7', NULL, '2019-08-18 00:00:00'),
	(457, '18092', 156, 'EURO MEX HYDROLA S DE RL DE CV', 'EHY111220HM4', NULL, '2019-08-18 00:00:00'),
	(458, '18101', 156, 'ORGANIZADORA ADUANAL DE QUERETARO,', 'OAQ030623UL8', NULL, '2019-08-18 00:00:00'),
	(459, '18102', 156, 'TRATAMIENTOS TERMICOS DE QUERETARO,', 'TTQ860609PG6', NULL, '2019-08-18 00:00:00'),
	(460, '18118', 156, 'COEHCHEMICAL S DE RL DE CV', 'COE120614M6A', NULL, '2019-08-18 00:00:00'),
	(461, '18119', 236, 'TRINITY TOOL COMPANY', '352057209', NULL, '2019-08-18 00:00:00'),
	(462, '18128', 156, 'GRUAS Y MANIOBRAS DEL BAJIO SA DE C', 'GMB050131DL6', NULL, '2019-08-18 00:00:00'),
	(463, '18133', 156, 'TINAJERO LOPEZ SILVIA', 'TILS710628SCA', NULL, '2019-08-18 00:00:00'),
	(464, '18137', 101, 'MSE PRINT KFT.', '23704396-2-16', 'HU23704396', '2019-08-18 00:00:00'),
	(465, '18144', 156, 'TECNOLOGIA EN LUBRICACION INDSTRIAL', 'TLI890619GS5', NULL, '2019-08-18 00:00:00'),
	(466, '18145', 156, 'RR TEKNIIKKA, S.A. DE C.V.', NULL, NULL, '2019-08-18 00:00:00'),
	(467, '18157', 156, 'PILZ DE MEXICO S DE RL DE CV', 'PMC990503P7A', NULL, '2019-08-18 00:00:00'),
	(468, '18158', 156, 'JAZA INGENIERIA S A DE C V.', 'JIN020729932', NULL, '2019-08-18 00:00:00'),
	(469, '18175', 156, 'GRUPO INDUSTRIAL EN SERVICIOS ESPEC', NULL, NULL, '2019-08-18 00:00:00'),
	(470, '18176', 156, 'MENDOZA GONZALEZ MARIA DE JESUS', 'MEGJ8405224UA', NULL, '2019-08-18 00:00:00'),
	(471, '18177', 156, 'JIMENEZ MORALES JOSE ANTONIO', 'JIMA720513M8A', NULL, '2019-08-18 00:00:00'),
	(472, '18202', 156, 'INSTITUTO TECNOLOGICO Y DE ESTUDIOS', NULL, NULL, '2019-08-18 00:00:00'),
	(473, '18203', 156, 'ARAIZA MARGARITA', 'AAMA6807121A4', NULL, '2019-08-18 00:00:00'),
	(474, '18215', 156, 'OLAES SOLIS FELIPE ELEAZAR', 'OASF52082323A', NULL, '2019-08-18 00:00:00'),
	(475, '18216', 156, 'HERNANDEZ ROSAS JAVIER', 'HERJ710906T90', NULL, '2019-08-18 00:00:00'),
	(476, '18245', 236, 'GTS LLC', NULL, NULL, '2019-08-18 00:00:00'),
	(477, '18246', 156, 'ELEKTRON DEL BAJIO, SA DE CV.', 'EBA8202225C7', NULL, '2019-08-18 00:00:00'),
	(478, '18258', 156, 'ARRENDADORA DE QUERETARO, S.A. DE C', 'AQU910816273', NULL, '2019-08-18 00:00:00'),
	(479, '18266', 156, 'AGILITY LOGISTICS', 'ALO970424BE3', NULL, '2019-08-18 00:00:00'),
	(480, '18270', 156, 'TRANSPORTES CODERO', NULL, NULL, '2019-08-18 00:00:00'),
	(481, '18271', 156, 'KUEHNE + NAGEL', 'KSN0308143M5', NULL, '2019-08-18 00:00:00'),
	(482, '18273', 156, 'CONTINENTAL TEVES MX', NULL, NULL, '2019-08-18 00:00:00'),
	(483, '18289', 236, 'EPSILON', NULL, NULL, '2019-08-18 00:00:00'),
	(484, '18295', 156, 'GRUPO PARALELO 22 S.A. DE C.V.', 'GPV040902CZ4', NULL, '2019-08-18 00:00:00'),
	(485, '18299', 76, 'AHT ASSISTANCE HAUTE TECHNOLOGIE', NULL, 'FR29423388354', '2019-08-18 00:00:00'),
	(486, '18317', 156, 'KALISCH ALONSO AGENCIAS ADUANALES,', 'KAA9910214Q6', NULL, '2019-08-18 00:00:00'),
	(487, '18353', 156, 'HELMUT FISCHER S. DE R.L. DE C', 'HFI120529HC4', NULL, '2019-08-18 00:00:00'),
	(488, '18375', 156, 'ALVAREZ APODACA BRICIA CRYSTAL', 'AAAB821104NW4', NULL, '2019-08-18 00:00:00'),
	(489, '18386', 156, 'SERVICIOS ESPECIALIZADOS DE QUERETA', 'SEQ910509MW0', NULL, '2019-08-18 00:00:00'),
	(490, '18388', 156, 'GONZALEZ RAMIREZ LINA ANGELICA', 'GORL740202F53', NULL, '2019-08-18 00:00:00'),
	(491, '18415', 156, 'MENDOZA MORENO SANTIAGO', 'MEMS7907252S8', NULL, '2019-08-18 00:00:00'),
	(492, '18427', 156, 'OUTSOURSING DIGITAL FRIENDLY SA DE', 'ODF0403226G7', NULL, '2019-08-18 00:00:00'),
	(493, '18463', 156, 'SOLIS CAMARGO ADRIAN', 'SOCA640124VC8', NULL, '2019-08-18 00:00:00'),
	(494, '18475', 156, 'DISTRIBUIDORA DE EQUUIPO NEUMATICO', 'DEN820331L52', NULL, '2019-08-18 00:00:00'),
	(495, '18483', 156, 'BRANDENSTEIN MEDINA GUILLERMO', 'BAMG600918PL5', NULL, '2019-08-18 00:00:00'),
	(496, '18497', 47, 'Nanjing Changjiang Electric Furnace', '320113000000000', NULL, '2019-08-18 00:00:00'),
	(497, '18512', 156, 'SOLUCIONES Y SUMINISTROS INDUSTRIAL', 'SSI090112D80', NULL, '2019-08-18 00:00:00'),
	(498, '18513', 156, 'AUTECHNIK SA DE CV', 'AUT090327GG2', NULL, '2019-08-18 00:00:00'),
	(499, '18548', 156, 'AGENCIA ADUANAL DEL VALLE CENTRO S.', 'AAV090819QI0', NULL, '2019-08-18 00:00:00'),
	(500, '18550', 156, 'OUT SOURCING AND SPEED CONTROLS S.A', 'OSS070710755', NULL, '2019-08-18 00:00:00'),
	(501, '18559', 156, 'ACTRA MEXICO S.A DE C.V', 'AME120910SV3', NULL, '2019-08-18 00:00:00'),
	(502, '18560', 156, 'RAIGO S.A DE C.V', 'DEN820331L52', NULL, '2019-08-18 00:00:00'),
	(503, '18561', 236, 'ECCOMELT LLC', '392078358', NULL, '2019-08-18 00:00:00'),
	(504, '18570', 156, 'MADERERIA DEL BAJIO S.A DE C.V', 'MBA751115IW5', NULL, '2019-08-18 00:00:00'),
	(505, '18580', 156, 'DK CNC S.A DE C.V', NULL, NULL, '2019-08-18 00:00:00'),
	(506, '18590', 156, 'HERRERA HERRERA MIRIAM', NULL, NULL, '2019-08-18 00:00:00'),
	(507, '18595', 156, 'NICANDRO ZAVALA GARCIA', 'ZAGN6310198L2', NULL, '2019-08-18 00:00:00'),
	(508, '18600', 156, 'SERRANO ZAPATA PALOMA ISABEL', 'SEZP850926538', NULL, '2019-08-18 00:00:00'),
	(509, '18636', 156, 'COMERCIALIZADORA SUPERLIM ABASTOS S', 'CSA120416QL9', NULL, '2019-08-18 00:00:00'),
	(510, '18658', 30, 'PREST-SERV INSPEÃ‡ÃƒO DE PEÃ‡AS AUT', '7687890000000', NULL, '2019-08-18 00:00:00'),
	(511, '18660', 156, 'DANIEL MANNING RAMOS', 'MARD7604141W9', NULL, '2019-08-18 00:00:00'),
	(512, '18666', 156, 'KALIBRIX MEXICANA SA DE CV', NULL, NULL, '2019-08-18 00:00:00'),
	(513, '18675', 156, 'VILLEGAS GONZALEZ MARCOS', 'VIGM8611179C9', NULL, '2019-08-18 00:00:00'),
	(514, '18677', 156, 'GRUPO INDUSTRIAL REGONZA SA DE CV', 'GIR000125REA', NULL, '2019-08-18 00:00:00'),
	(515, '18682', 156, 'MUNOZ ZAVALA JOSE DE JESUS', 'MUZJ440519DW8', NULL, '2019-08-18 00:00:00'),
	(516, '18683', 156, 'IND. ELECTROMECANICA PAFRA S.A. DE', 'IEP040121BU7', NULL, '2019-08-18 00:00:00'),
	(517, '18684', 156, 'ORTIZ LOPEZ MARIA DEL CARMEN', NULL, NULL, '2019-08-18 00:00:00'),
	(518, '18701', 156, 'PUGA OLVERA JUAN ANTONIO', 'PUOJ780429RC5', NULL, '2019-08-18 00:00:00'),
	(519, '18709', 156, 'UNIMONTACARGAS DEL BAJIO S.A DE C.V', 'UBA041014UT0', NULL, '2019-08-18 00:00:00'),
	(520, '18712', 156, 'ABANZA AIRE ACONDICIONADO Y REFRIGE', NULL, NULL, '2019-08-18 00:00:00'),
	(521, '18721', 156, 'COMERCIALIZADORA BEMEX S.A DE C.V', 'CBE070913344', NULL, '2019-08-18 00:00:00'),
	(522, '18751', 156, 'MARTINEZ MORENO VICTOR HUGO', 'MAMV780525KR5', NULL, '2019-08-18 00:00:00'),
	(523, '18756', 156, 'INFOBEST SC', NULL, NULL, '2019-08-18 00:00:00'),
	(524, '18757', 156, 'OLVERA MOLINA INSTALACIONES Y MANTE', 'OMI050124IY9', NULL, '2019-08-18 00:00:00'),
	(525, '18758', 156, 'QUALTUM NAFTA SA DE CV', 'QNA130426VE2', NULL, '2019-08-18 00:00:00'),
	(526, '18760', 156, 'CENTRAL DE EQUIPOS INDUSTRIALE', 'CEI060913558', NULL, '2019-08-18 00:00:00'),
	(527, '18765', 156, 'HERNANDEZ AGUIAR  ARTURO', 'HEGA5806244Y6', NULL, '2019-08-18 00:00:00'),
	(528, '18777', 156, 'WELDING CLUB SA DE CV', 'WCL070608P41', NULL, '2019-08-18 00:00:00'),
	(529, '18778', 156, 'RHI-REFMEX SA DE CV', 'RHI990106R79', NULL, '2019-08-18 00:00:00'),
	(530, '18779', 156, 'PEGASO GLOBAL SA DE CV', 'PGL090717KC9', NULL, '2019-08-18 00:00:00'),
	(531, '18780', 156, 'PEREZ VERA MA LETICIA', 'PEVM721117C98', NULL, '2019-08-18 00:00:00'),
	(532, '18781', 156, 'CAMACHO UGALDE ABEL', 'CAUA781013PHA', NULL, '2019-08-18 00:00:00'),
	(533, '18790', 156, 'ASESORIA Y SERVICIOS INTEGRALE', 'ASI970120U23', NULL, '2019-08-18 00:00:00'),
	(534, '18793', 156, 'SANCHEZ RUIZ FABIOLA', 'SARF880708KY3', NULL, '2019-08-18 00:00:00'),
	(535, '18794', 156, 'AGUILAR OSORNIO JULIO', 'AUOJ7103162K2', NULL, '2019-08-18 00:00:00'),
	(536, '18801', 156, 'PROIC PROYECTOS INDUSTRIALES DE CAL', 'PPI130205P81', NULL, '2019-08-18 00:00:00'),
	(537, '18802', 156, 'PROSPAC S.A DE C.V', 'PRO9111075D7', NULL, '2019-08-18 00:00:00'),
	(538, '18810', 156, 'ADMINISTRACION Y SERVICIOS DIGITALE', 'ASD090304PB9', NULL, '2019-08-18 00:00:00'),
	(539, '18814', 156, 'CUTTING FLUIDS SA DE CV', 'CFL120723EIA', NULL, '2019-08-18 00:00:00'),
	(540, '18825', 156, 'C.H. ROBINSON DE MEXICO S.A DE C.V.', 'CHR900514261', NULL, '2019-08-18 00:00:00'),
	(541, '18840', 156, 'SUITEL S.A DEC.V', 'SUI000111MR9', NULL, '2019-08-18 00:00:00'),
	(542, '18848', 156, 'TECNICA TEST S.A. DE C.V.', NULL, NULL, '2019-08-18 00:00:00'),
	(543, '18855', 236, 'MCGLADREY LLP', NULL, NULL, '2019-08-18 00:00:00'),
	(544, '18858', 156, 'AGILITY LOGISTICS SA DE CV', 'ALO970424BE3', NULL, '2019-08-18 00:00:00'),
	(545, '18865', 156, 'ATEB SERVICIOS SA DE CV', 'ASE0209252Q1', NULL, '2019-08-18 00:00:00'),
	(546, '18879', 156, 'SERVICIOS INTEGRALES SIR SA DE CV', 'SIS100528P84', NULL, '2019-08-18 00:00:00'),
	(547, '18885', 156, 'AMERICAN CHILLERS SA DE CV', 'ACI110822RE3', NULL, '2019-08-18 00:00:00'),
	(548, '18887', 156, 'CAMIRUAGA CABRERA DANIEL', 'CACD850807D56', NULL, '2019-08-18 00:00:00'),
	(549, '18901', 156, 'FACTURAR EN LINEA S DE RL DE CV', 'FLI081010EK2', NULL, '2019-08-18 00:00:00'),
	(550, '18907', 76, 'CALDERYS FRANCE', NULL, NULL, '2019-08-18 00:00:00'),
	(551, '18908', 156, 'AUTOTRASPORTES PIRAMIDES SA DE CV', 'API7202187W5', NULL, '2019-08-18 00:00:00'),
	(552, '18910', 156, 'MEXIWORLD AND LOGISTICS SA DE CV', 'MLO030721U68', NULL, '2019-08-18 00:00:00'),
	(553, '18911', 156, 'CIMARRON Y ASOCIADOS SA DE CV', 'CAS080806FA6', NULL, '2019-08-18 00:00:00'),
	(554, '18916', 57, 'TFS TECHNISCHE AKUSTIK', NULL, 'DE166899591', '2019-08-18 00:00:00'),
	(555, '18917', 156, 'GACER COMERCIALIZADORA EN GENERAL S', 'GCG130821DI9', NULL, '2019-08-18 00:00:00'),
	(556, '18918', 156, 'AMBRIS CONTRERAS MARTIN', 'AICM6705058P1', NULL, '2019-08-18 00:00:00'),
	(557, '18921', 156, 'SIE SOLUCIONES INDUSTRIALES SA DE C', 'SSI101214KX2', NULL, '2019-08-18 00:00:00'),
	(558, '18923', 156, 'FEDEX DE MEXICO, S. DE R.L DE C.V', 'FDM9911259E3', NULL, '2019-08-18 00:00:00'),
	(559, '18947', 47, 'DALIAN YUKUN INTERNATIONAL TRADE CO', NULL, NULL, '2019-08-18 00:00:00'),
	(560, '18960', 156, 'LOPEZ BARRANTES VICTOR MANUEL', 'LOBV4802074A2', NULL, '2019-08-18 00:00:00'),
	(561, '18970', 156, 'FABRICANTES DE RACKS ESTANTERIA Y L', 'FRE101123RV8', NULL, '2019-08-18 00:00:00'),
	(562, '18979', 156, 'PROYECTOS DE INGENIERIA APLICADA DE', 'PIA110629II7', NULL, '2019-08-18 00:00:00'),
	(563, '18980', 156, 'SIERRA GALINDO JORGE MANUEL', 'SIGJ680926AM4', NULL, '2019-08-18 00:00:00'),
	(564, '18981', 156, 'ABASTECEDORA COMERCIAL ACESA S.A DE', 'ACA071005CP8', NULL, '2019-08-18 00:00:00'),
	(565, '18982', 156, 'SERVICIOS INTEGRALES DE CALIDAD ESC', 'SIC080305UW0', NULL, '2019-08-18 00:00:00'),
	(566, '18983', 156, 'TREJO LOPEZ DIANA', NULL, NULL, '2019-08-18 00:00:00'),
	(567, '18984', 156, 'COELI MEXICANA SA DE CV', 'CME980528JB6', NULL, '2019-08-18 00:00:00'),
	(568, '18987', 156, 'GRUPO GLAUCUS SA DE CV', 'GGL100922HT3', NULL, '2019-08-18 00:00:00'),
	(569, '18992', 156, 'ALVAREZ ALONSO SERVICIOS PROFESIONA', 'AAS1106278G7', NULL, '2019-08-18 00:00:00'),
	(570, '18994', 156, 'ARANDA BALTAZAR GONZALO DANIEL', 'AABG5601109GA', NULL, '2019-08-18 00:00:00'),
	(571, '19006', 236, 'TSUNE AMERICA LLC', '351968529', NULL, '2019-08-18 00:00:00'),
	(572, '19008', 156, 'PRESSOIR OLIVIER CHRISTOPHE GERARD', NULL, NULL, '2019-08-18 00:00:00'),
	(573, '19009', 156, 'MUÃ‘OZ SUAREZ LEONARDO', 'MUSL590915U33', NULL, '2019-08-18 00:00:00'),
	(574, '19010', 156, 'MANTENIMIENTO DE AIRE REFRIGERACION', 'MAR030714A37', NULL, '2019-08-18 00:00:00'),
	(575, '19018', 156, 'URVINA SERVICIOS INTERNACIOLES SA D', 'USI970814616', NULL, '2019-08-18 00:00:00'),
	(576, '19024', 156, 'ASOCIACION DE INDUSTRIA DE EXPORTAC', 'AIE120919TN4', NULL, '2019-08-18 00:00:00'),
	(577, '19030', 156, 'CENTRIC SOLUTIONS DE MEXICO SA DE C', 'CSM070828LD9', NULL, '2019-08-18 00:00:00'),
	(578, '19042', 156, 'LCK CONSULTORES SC', 'LCO131230GP5', NULL, '2019-08-18 00:00:00'),
	(579, '19071', 156, 'ATLAS COPCO MEXICANA SA DE CV', 'ACM8306296D2', NULL, '2019-08-18 00:00:00'),
	(580, '19072', 156, 'NEOCOM SA DE CV', 'NEO990812K22', NULL, '2019-08-18 00:00:00'),
	(581, '19073', 156, 'CONZUELO MARTINEZ MARIA GUADALUPE', NULL, NULL, '2019-08-18 00:00:00'),
	(582, '19083', 156, 'SAC GRUPO DE INGENIERIA SA DE CV', 'SGI041004HY3', NULL, '2019-08-18 00:00:00'),
	(583, '19084', 156, 'NUTEC FIBRATEC SA DE CV', 'NFI960102JE1', NULL, '2019-08-18 00:00:00'),
	(584, '19091', 156, 'QUALITY HOUSE S.C.', 'QHO970509U29', NULL, '2019-08-18 00:00:00'),
	(585, '19094', 156, 'NAVES ON LINE SA DE CV', NULL, NULL, '2019-08-18 00:00:00'),
	(586, '19096', 236, 'HERSCHAL PRODUCTS, INC', NULL, NULL, '2019-08-18 00:00:00'),
	(587, '19100', 156, 'BALDERAS BALDERAS SALVADOR', 'BABS670723352', NULL, '2019-08-18 00:00:00'),
	(588, '19110', 156, 'AGUIRRE ARELLANO JUAN ANTONIO', 'AUAJ691219QL0', NULL, '2019-08-18 00:00:00'),
	(589, '19116', 156, 'MEXICANA DE LUBRICANTES SA DE CV', NULL, NULL, '2019-08-18 00:00:00'),
	(590, '19119', 156, 'OPERADORA COMERCIAL INNOVAX SA DE C', 'OCI0701262U8', NULL, '2019-08-18 00:00:00'),
	(591, '19121', 236, 'CENTERLINE INC', NULL, NULL, '2019-08-18 00:00:00'),
	(592, '19137', 76, 'BIPOL S.A.R.L', NULL, NULL, '2019-08-18 00:00:00'),
	(593, '19139', 156, 'CORONADO RAMIREZ ELIA LUCERO', 'CORE800322663', NULL, '2019-08-18 00:00:00'),
	(594, '19144', 156, 'TECNOLOGIA NEKRED SA DE CV', NULL, NULL, '2019-08-18 00:00:00'),
	(595, '19145', 156, 'WALTER TOOLS SA DE CV', 'WTO060721J42', NULL, '2019-08-18 00:00:00'),
	(596, '19158', 156, 'ELE-EME S.A DE C.V', 'EEM900529AZ5', NULL, '2019-08-18 00:00:00'),
	(597, '19165', 156, 'CBH MECHA TOOLING SA DE CV', 'CMT121011AA7', NULL, '2019-08-18 00:00:00'),
	(598, '19166', 156, 'MITUTOYO MEXICANA SA DE CV', 'MME781114247', NULL, '2019-08-18 00:00:00'),
	(599, '19177', 156, 'MARTINEZ LOPEZ MARIA IMELDA', 'MALI770917SM1', NULL, '2019-08-18 00:00:00'),
	(600, '19195', 156, 'ARGOS NORTE AMERICA S.C.', 'ANA130610BR5', NULL, '2019-08-18 00:00:00'),
	(601, '19197', 156, 'DICHTOMATIK DE MEXICO SA DE CV', 'ISM891030RL1', NULL, '2019-08-18 00:00:00'),
	(602, '19201', 156, 'D.I.N. CAPACITACION, S. DE RL DE C', 'DIN1403138B1', NULL, '2019-08-18 00:00:00'),
	(603, '19204', 156, 'GAS CARE SA DE CV', 'GCA020613DN8', NULL, '2019-08-18 00:00:00'),
	(604, '19208', 156, 'SAMANO GARCIA ANGEL ROBERTO', 'SAGA641101179', NULL, '2019-08-18 00:00:00'),
	(605, '19212', 156, 'GARCIA MARTINEZ MARIA ANTONIA', 'GAMA681106SD8', NULL, '2019-08-18 00:00:00'),
	(606, '19216', 156, 'CAMARA FRANCO MEXICANA DE COMERCI', 'CFM131203RR7', NULL, '2019-08-18 00:00:00'),
	(607, '19217', 156, 'RAMIREZ COTA HERLINDA', 'RACH510321VE6', NULL, '2019-08-18 00:00:00'),
	(608, '19218', 156, 'AUTOEXPRES REAL S.A. DE C.V.', 'ARA14052238A', NULL, '2019-08-18 00:00:00'),
	(609, '19223', 156, 'INTEGRACION DE SOLUCIONES PARA LA I', 'ISI020613MG1', NULL, '2019-08-18 00:00:00'),
	(610, '19231', 156, 'CAMARA FRANCO MEXICANA DE COMERCIO', 'CFM131203RR7', NULL, '2019-08-18 00:00:00'),
	(611, '19232', 156, 'FENSERI, S.A. DE C.V.', 'FEN111111D18', NULL, '2019-08-18 00:00:00'),
	(612, '19243', 156, 'LOPEZ MURILLO SUSANA DE LA LUZ', 'LOMS820515JJA', NULL, '2019-08-18 00:00:00'),
	(613, '19245', 156, 'RUEDAS Y RODAJAS DE QUERETARO S. DE', 'RRQ110526KTA', NULL, '2019-08-18 00:00:00'),
	(614, '19251', 236, 'ALCOA TECHNICAL CENTER', NULL, NULL, '2019-08-18 00:00:00'),
	(615, '19272', 156, 'ACCESORIOS Y HERRAMIENTAS DEL NORTE', 'AHN8105068U5', NULL, '2019-08-18 00:00:00'),
	(616, '19280', 236, 'AGA LOGISTICS INC', NULL, NULL, '2019-08-18 00:00:00'),
	(617, '19285', 156, 'MONCELLI S.A DE C.V.', NULL, NULL, '2019-08-18 00:00:00'),
	(618, '19286', 156, 'QUALITY & MANUFACTURING CONSULTING', 'Q&M0102157F1', NULL, '2019-08-18 00:00:00'),
	(619, '19287', 156, 'PROVEEDORA INDUSTRIAL ELECTROMECANI', NULL, NULL, '2019-08-18 00:00:00'),
	(620, '19295', 236, 'INTRANSIT TECHNOLOGIES CORP', NULL, NULL, '2019-08-18 00:00:00'),
	(621, '19300', 156, 'PERALTA GARCIA GERMAN JESUS', 'PEGG750206SL1', NULL, '2019-08-18 00:00:00'),
	(622, '19301', 156, 'BECERRA ASCENCIO JORGE ANTONIO', 'BEAJ830516NK5', NULL, '2019-08-18 00:00:00'),
	(623, '19316', 156, 'VILLA MUNOZ ANA GABRIELA', NULL, NULL, '2019-08-18 00:00:00'),
	(624, '19318', 156, 'CALIDAD EN PRECISION QUERETARO S.A.', 'CPQ030616SM7', NULL, '2019-08-18 00:00:00'),
	(625, '19319', 156, 'CASTILLO MIRANDA Y COMPANIA, S.C.', 'CMI810304SB6', NULL, '2019-08-18 00:00:00'),
	(626, '19340', 156, 'ESPINOSA ALVAREZ RICARDO', NULL, NULL, '2019-08-18 00:00:00'),
	(627, '19341', 156, 'GSN-MAQUINARIA-SERVICIOS-CNC SA DE', 'GMA0708153R1', NULL, '2019-08-18 00:00:00'),
	(628, '19342', 156, 'REPRESENTACIONES INDUSTRIALES ITALI', NULL, NULL, '2019-08-18 00:00:00'),
	(629, '19345', 156, 'ALDERETE VELASCO LUZ ARLETTE', 'AEVL7512044G3', NULL, '2019-08-18 00:00:00'),
	(630, '19368', 156, 'AIELLO AGOSTINO', 'AIAG651210GBA', NULL, '2019-08-18 00:00:00'),
	(631, '19370', 156, 'VICTORIA JIMENEZ MARINA', 'VIJM740718849', NULL, '2019-08-18 00:00:00'),
	(632, '19371', 156, 'INDUSTRIAL RO S.A. DE C.V.', 'IRO8903016P5', NULL, '2019-08-18 00:00:00'),
	(633, '19372', 156, 'TRANSPORTES ACTIVOS CARGA COMBINADA', 'TAC000911DX2', NULL, '2019-08-18 00:00:00'),
	(634, '19373', 47, 'CHONGQING SILICON METAL CO., L', NULL, NULL, '2019-08-18 00:00:00'),
	(635, '19376', 156, 'TECA ELECTRICIDAD Y POTENCIA S', 'TEP091207VC2', NULL, '2019-08-18 00:00:00'),
	(636, '19377', 156, 'MOORE AND AKKERMAN CONSULTING', 'MAC001023490', NULL, '2019-08-18 00:00:00'),
	(637, '19378', 156, 'METROSMART S.A. DE C.V.', 'MET1207048A5', NULL, '2019-08-18 00:00:00'),
	(638, '19388', 76, 'ROHLIG France SAS', '31571100000000', 'FR58315711218', '2019-08-18 00:00:00'),
	(639, '19390', 156, 'MONICA ALEJANDRA CARVAJAL CARL', 'CACM7904276B4', NULL, '2019-08-18 00:00:00'),
	(640, '19391', 156, 'TELEFONOS DE MEXICO SAB DE CV', 'TME840315KT6', NULL, '2019-08-18 00:00:00'),
	(641, '19395', 156, 'FERRO ALLOYS DE MEXICO SA DE CV', 'FAM950330JS5', NULL, '2019-08-18 00:00:00'),
	(642, '19396', 156, 'FIJATEC S.A. DE C.V.', 'FIJ971216F75', NULL, '2019-08-18 00:00:00'),
	(643, '19403', 156, 'GN SYS CORPORATIVO, SA DE CV', 'GSC080505189', NULL, '2019-08-18 00:00:00'),
	(644, '19409', 156, 'CALVEK COMPONENTES BAJIO S.A. DE C.', 'CCB121019IE1', NULL, '2019-08-18 00:00:00'),
	(645, '19410', 156, 'CENTRO MADERERO CRISTO S.A. DE C.V.', 'CMC1402077P3', NULL, '2019-08-18 00:00:00'),
	(646, '19414', 156, 'CENTRO DE MAQ. DE APATZEO SA DE CV', 'CMA130716SAA', NULL, '2019-08-18 00:00:00'),
	(647, '19416', 156, 'SOCIEDAD MEXICANA DE FUNDIDORES A.C', 'MFU621128HU5', NULL, '2019-08-18 00:00:00'),
	(648, '19426', 156, 'ZAMBRANO DURAN VIRGINIA', 'ZADV620130AC3', NULL, '2019-08-18 00:00:00'),
	(649, '19427', 156, 'SOPORTE A PROVEEDORES S.A. DE C.V.', 'SPR080104E14', NULL, '2019-08-18 00:00:00'),
	(650, '19428', 156, 'VAZSAM S.A. DE C.V.', 'VAZ960611MA0', NULL, '2019-08-18 00:00:00'),
	(651, '19429', 156, 'TRELLEBORG MEXICO CITY S.A DE C.V.', 'TMC1408274U4', NULL, '2019-08-18 00:00:00'),
	(652, '19439', 156, 'DESARROLLO EN TECNOLOGIA E INSTRUME', 'DTE120203CK0', NULL, '2019-08-18 00:00:00'),
	(653, '19454', 156, 'MIDE METROLOGIA INTEGRAL Y DESARROL', 'MMI0403087C4', NULL, '2019-08-18 00:00:00'),
	(654, '19461', 156, 'UNIMEX', 'TUN070911THS', NULL, '2019-08-18 00:00:00'),
	(655, '19462', 156, 'TRANSPORTES LARMEX SA DE CV', 'TLM7201085N4', NULL, '2019-08-18 00:00:00'),
	(656, '19465', 156, 'PROLIMPIE MEXICANA S.A DE C.V.', 'PME9211055A2', NULL, '2019-08-18 00:00:00'),
	(657, '19466', 156, 'COMPUCARE DE MEXICO SA DE CV', 'CME001204KS6', NULL, '2019-08-18 00:00:00'),
	(658, '19467', 156, 'LarMex S.A. de C.V.', NULL, NULL, '2019-08-18 00:00:00'),
	(659, '19468', 156, 'COMANDOS', NULL, NULL, '2019-08-18 00:00:00'),
	(660, '19469', 156, 'CalArk', NULL, NULL, '2019-08-18 00:00:00'),
	(661, '19470', 156, 'UNIMEX', NULL, NULL, '2019-08-18 00:00:00'),
	(662, '19477', 156, 'CARBEL DE MEXICO S.A. DE C.V.', 'CME840308MU9', NULL, '2019-08-18 00:00:00'),
	(663, '19478', 156, 'FIRST TIME QUALITY S.C.', 'FTQ071012MJ0', NULL, '2019-08-18 00:00:00'),
	(664, '19485', 156, 'HERNANDEZ GARZA ARTURO JUAN', 'HEGA5806244Y6', NULL, '2019-08-18 00:00:00'),
	(665, '19493', 156, 'METROTECNIA SA DE CV', NULL, NULL, '2019-08-18 00:00:00'),
	(666, '19577', 156, 'VELAZQUEZ OLVERA JUAN EDGAR', 'VEOJ850927KK0', NULL, '2019-08-18 00:00:00'),
	(667, '19593', 156, 'SANTOVENA PACHECO JUAN SALVADOR', 'SAPJ8202062AA', NULL, '2019-08-18 00:00:00'),
	(668, '19602', 156, 'SDV MEXICO SA DE CV', 'SME980702916', NULL, '2019-08-18 00:00:00'),
	(669, '19615', 156, 'GUTIERREZ SOMUANO JUAN GERARDO', 'GUSJ890215I58', NULL, '2019-08-18 00:00:00'),
	(670, '19616', 156, 'VEGA CONTRERAS LUIS EDUARDO', 'VECL711018DI6', NULL, '2019-08-18 00:00:00'),
	(671, '19617', 156, 'NACIONAL DE MUEBLES SA DE CV', 'NME0311116L9', NULL, '2019-08-18 00:00:00'),
	(672, '19626', 156, 'THELSA MOBILITY SOLUTIONS SA DE CV', NULL, NULL, '2019-08-18 00:00:00'),
	(673, '19627', 156, 'DISTRIBUIDORA  CASTAJI SA DE CV', 'DCA030709V27', NULL, '2019-08-18 00:00:00'),
	(674, '19634', 156, 'PREVISION Y PROTECCION SC', 'PPR490830417', NULL, '2019-08-18 00:00:00'),
	(675, '19648', 236, 'RUTH ENGEL LLC', NULL, NULL, '2019-08-18 00:00:00'),
	(676, '19650', 156, 'JOB IMPULSE MEXICO SA DE CV', 'JIM120210199', NULL, '2019-08-18 00:00:00'),
	(677, '19651', 156, 'RADIACION Y DOSIMETRIA SA DE CV', 'RDO020821I27', NULL, '2019-08-18 00:00:00'),
	(678, '19659', 156, 'PERFORM CONSULTORES S.C.', 'PCO1408184H6', NULL, '2019-08-18 00:00:00'),
	(679, '19666', 156, 'GARCIA FERNANDEZ MARIA LUISA', 'GAFL671123ES9', NULL, '2019-08-18 00:00:00'),
	(680, '19667', 236, 'INTERNATIONAL FLUID COMPANY INC.', '743098451', NULL, '2019-08-18 00:00:00'),
	(681, '19673', 156, 'BAUTISTA JARDON GILDARDO', 'BAJG610608IX7', NULL, '2019-08-18 00:00:00'),
	(682, '19674', 156, 'DISEÃ‘ADORA Y COMERCIALIZADORA SA D', 'DCO971113R22', NULL, '2019-08-18 00:00:00'),
	(683, '19675', 156, 'TELRADIO SA DE CV', 'TEL0102221R7', NULL, '2019-08-18 00:00:00'),
	(684, '19676', 156, 'INNER TALENT SC', 'ITA140114241', NULL, '2019-08-18 00:00:00'),
	(685, '19682', 156, 'EVENTOS  GLAM S DE RL DE CV', 'EGL130703V62', NULL, '2019-08-18 00:00:00'),
	(686, '19688', 156, 'TATA TECHNOLOGIES MEXICO SA DE CV', 'TTM990127V84', NULL, '2019-08-18 00:00:00'),
	(687, '19689', 156, 'ALESTRA S. DE R.L. DE C.V.', 'ALE951128996', NULL, '2019-08-18 00:00:00'),
	(688, '19696', 156, 'OERLIKON BALZERS COATING MEXICO SA', 'OBC9905057Y4', NULL, '2019-08-18 00:00:00'),
	(689, '19708', 156, 'AIO ELECTRICIDAD Y REDES S DE RL DE', 'AER131008H91', NULL, '2019-08-18 00:00:00'),
	(690, '19715', 156, 'QC MANTENIMIENTO, S.A DE C.V', 'QMA120808QE3', NULL, '2019-08-18 00:00:00'),
	(691, '19728', 156, 'MSI MAINTENANCE SOLUTIONS SA DE CV', 'MMS10121434A', NULL, '2019-08-18 00:00:00'),
	(692, '19729', 156, 'OSG ROYCO S.A DE C.V', 'ORO951208I67', NULL, '2019-08-18 00:00:00'),
	(693, '19731', 156, 'AIR TECHNOLOGY CORPORATION SA DE CV', 'ATC980728481', NULL, '2019-08-18 00:00:00'),
	(694, '19732', 156, 'TOOLS & GO,S. DE R.L DE C.V.', 'TAG100628K74', NULL, '2019-08-18 00:00:00'),
	(695, '19737', 47, 'ZIJIANG FURNACE NANJING CO.LTD', '32011306263413X', NULL, '2019-08-18 00:00:00'),
	(696, '19762', 156, 'ZUBIA SOTO GUADALUPE MANUEL', 'ZUSG7604246P1', NULL, '2019-08-18 00:00:00'),
	(697, '19763', 156, 'FHOMEX-MANUFACTURA INTEGRADA S.A. D', 'FGM1008191U1', NULL, '2019-08-18 00:00:00'),
	(698, '19769', 156, 'MARIA DE LOS ANGELES PUENTE VIERA', 'PUVA6702235BA', NULL, '2019-08-18 00:00:00'),
	(699, '19770', 156, 'FERNANDO MENDOZA GUERRERO', 'MEGF720530629', NULL, '2019-08-18 00:00:00'),
	(700, '19771', 156, 'JUAN DANIEL MARTINEZ CHAVEZ', 'MACJ770110AZ8', NULL, '2019-08-18 00:00:00'),
	(701, '19786', 156, 'SERVICIO  PROFESIONAL EN RECOLECCIO', 'SPR0908186K7', NULL, '2019-08-18 00:00:00'),
	(702, '19788', 156, 'IT S.A. DE C.V.', 'ITX940318HJ6', NULL, '2019-08-18 00:00:00'),
	(703, '19794', 156, 'BANCO MONEX SA', NULL, NULL, '2019-08-18 00:00:00'),
	(704, '19796', 156, 'OPERADORA  DE PROGRAMAS DE ABASTO M', 'OPA010719SF0', NULL, '2019-08-18 00:00:00'),
	(705, '19798', 156, 'ABOYTES VILLANUEVA SARA', 'AOVS691217LK0', NULL, '2019-08-18 00:00:00'),
	(706, '19800', 156, 'TERAOHM SERVICES SA DE CV', 'TSE150512VAA', NULL, '2019-08-18 00:00:00'),
	(707, '19807', 156, 'ESTRATEGIAS EN TECNOLOGIA CORPORATI', 'ETC060715147', NULL, '2019-08-18 00:00:00'),
	(708, '19828', 156, 'HERNANDEZ ARTEAGA ADELSON (REPAIR)', 'HEAA840105U38', NULL, '2019-08-18 00:00:00'),
	(709, '19829', 156, 'BARBOZA ARELLANO FANNY JANETH', 'BAAF8007219D0', NULL, '2019-08-18 00:00:00'),
	(710, '19834', 156, 'MARTINEZ GUERRERO MARIA  MAGDALENA', 'MAGM730722V19', NULL, '2019-08-18 00:00:00'),
	(711, '19851', 156, 'CASTMET SA DE CV', 'CAS920723F44', NULL, '2019-08-18 00:00:00'),
	(712, '19856', 47, 'DALIAN RISUNE INTERNATIONAL TRADING', '21020266112713X', NULL, '2019-08-18 00:00:00'),
	(713, '19859', 156, 'SERVO MOTION SA DE CV', 'SMO110413KM2', NULL, '2019-08-18 00:00:00'),
	(714, '19864', 156, 'MORENO HERNANDEZ MARIANO JESUS', 'MOHM840706844', NULL, '2019-08-18 00:00:00'),
	(715, '19878', 156, 'TECNOLOGIA EN REPARACION MOTORES (R', 'TRM120824Q96', NULL, '2019-08-18 00:00:00'),
	(716, '19882', 156, 'COMUNICACIONES Y APLICACIONES DE GU', 'CAG1407078P7', NULL, '2019-08-18 00:00:00'),
	(717, '19883', 156, 'GRUPO ECOLOGICO DE LIMPIEZA INDUSTR', 'GEL000727LE2', NULL, '2019-08-18 00:00:00'),
	(718, '19885', 156, 'VG&MC CONSULTING SA DE CV', 'VCO131018HW0', NULL, '2019-08-18 00:00:00'),
	(719, '19886', 156, 'GENERAL DE TUBOS Y MATERIALES PARA', 'GTM8602181R1', NULL, '2019-08-18 00:00:00'),
	(720, '19887', 156, 'SEINCO APLICACIONES SA DE CV', 'SAP010523IS4', NULL, '2019-08-18 00:00:00'),
	(721, '19888', 156, 'MEGAMIL S DE RL DE CV', 'MEG0906082K9', NULL, '2019-08-18 00:00:00'),
	(722, '19909', 156, 'DMG MORI MEXICO SA DE CV', 'DMS010309DR0', NULL, '2019-08-18 00:00:00'),
	(723, '19910', 156, 'SUMINISTROS ESPECIALIZADOS EN MANEJ', 'SEM0904025N7', NULL, '2019-08-18 00:00:00'),
	(724, '19920', 156, 'MINT CARGO S.A. DE C.V.', 'MCA120615N95', NULL, '2019-08-18 00:00:00'),
	(725, '19928', 156, 'RENISHAW MEXICO S DE RL DE CV', 'RME111205UC3', NULL, '2019-08-18 00:00:00'),
	(726, '19933', 47, 'ChongqingÂ RunjiÂ FarÂ EastÂ AlloyÂ', '500106000000000', NULL, '2019-08-18 00:00:00'),
	(727, '19936', 156, 'FAAM DE MEXICO S.A. DE C.V.', 'FME9105099W7', NULL, '2019-08-18 00:00:00'),
	(728, '19945', 156, 'IMPROMOCIONES DEL BAJIO S. DE R.L.', 'IBA080617552', NULL, '2019-08-18 00:00:00'),
	(729, '19960', 199, 'TRAFIGURA PTE. LTD.', NULL, NULL, '2019-08-18 00:00:00'),
	(730, '19973', 156, 'MARTINEZ ORTEGA FEDERICO HUMBERTO', 'MAOF510805G1A', NULL, '2019-08-18 00:00:00'),
	(731, '19997', 156, 'STELLAR MATERIALS INTERNATIONAL S D', 'SMI1003111S5', NULL, '2019-08-18 00:00:00'),
	(732, '20032', 156, 'GS DE MEXICO S DE RL DE CV', 'GME0503162K0', NULL, '2019-08-18 00:00:00'),
	(733, '20040', 156, 'COMERCIO EMPRENDEDOR DEL BAJIO S.A.', 'CEB110609SP5', NULL, '2019-08-18 00:00:00'),
	(734, '20042', 156, 'VARMOXZ SA DE CV', 'VAR0609193P4', NULL, '2019-08-18 00:00:00'),
	(735, '20045', 156, 'WORKING SAFE SA DE CV', 'WSA150410524', NULL, '2019-08-18 00:00:00'),
	(736, '20067', 236, 'EFESO CONSULTING INC', '202095919', NULL, '2019-08-18 00:00:00'),
	(737, '20094', 156, 'FAJARDO ZUNIGA ALCIBIADES', 'FAZA530307G64', NULL, '2019-08-18 00:00:00'),
	(738, '20095', 156, 'TAPIA ORTIZ ROBERTO ARIEL', 'TAOR641028484', NULL, '2019-08-18 00:00:00'),
	(739, '20099', 156, 'SISTEMAS INDUSTRIALES DE MEXICO SA', 'SIM940310HA9', NULL, '2019-08-18 00:00:00'),
	(740, '20102', 101, 'Schwarz & Turner Consulting Kft.', '24224880-2-43', 'HU24224880', '2019-08-18 00:00:00'),
	(741, '20110', 156, 'BACKGROUND CONSULTORES S.C.', 'BCO1205031P5', NULL, '2019-08-18 00:00:00'),
	(742, '20117', 156, 'MAFIN SA DE CV', 'MAF980130CJ9', NULL, '2019-08-18 00:00:00'),
	(743, '20118', 156, 'MH ARELLANO S DE RL DE CV', 'MAR141209FV2', NULL, '2019-08-18 00:00:00'),
	(744, '20147', 156, 'ADMINISTRACION EMPRESARIAL DE PERSO', 'AEP010118A98', NULL, '2019-08-18 00:00:00'),
	(745, '20148', 156, 'CORPORATIVO ALPEÃ‘ASA S DE RL DE CV', 'CAL130829MD2', NULL, '2019-08-18 00:00:00'),
	(746, '20158', 30, 'PROCESS DEVELOPMENT CORPORATION DO', '4006750000000', NULL, '2019-08-18 00:00:00'),
	(747, '20162', 156, 'TRANSPORTADORES Y FABRICACIONES IND', 'TFI0708023V4', NULL, '2019-08-18 00:00:00'),
	(748, '20169', 156, 'UNIPROTEC SA DE CV', 'UNI121210694', NULL, '2019-08-18 00:00:00'),
	(749, '20173', 156, 'ELEMENTOS DE MECANISMOS SA DE CV', 'EME740419MX6', NULL, '2019-08-18 00:00:00'),
	(750, '20174', 156, 'REFRIGERACION STARR SA DE CV', 'RST510116188', NULL, '2019-08-18 00:00:00'),
	(751, '20184', 156, 'MOULIER CAROLE', 'MOCA790819HE1', NULL, '2019-08-18 00:00:00'),
	(752, '20185', 156, 'TREJO RAMIREZ ALVARO DAVID', 'TERA800229F70', NULL, '2019-08-18 00:00:00'),
	(753, '20190', 156, 'GAS IMPERIAL SA DE CV', 'GIM831119IDA', NULL, '2019-08-18 00:00:00'),
	(754, '20203', 156, 'PARTES FORJADAS SA DE CV', 'PFO141104F32', NULL, '2019-08-18 00:00:00'),
	(755, '20204', 156, 'GRUPO DYS SA DE CV', 'GDY090224AB3', NULL, '2019-08-18 00:00:00'),
	(756, '20208', 156, 'INTERNATIONAL SOLUTIONS PISI SA DE', 'ISP111207I11', NULL, '2019-08-18 00:00:00'),
	(757, '20210', 156, 'HERRERA RUIZ JOSE IGNACIO', 'HERI5507144P0', NULL, '2019-08-18 00:00:00'),
	(758, '20211', 156, 'TIBA MEXICO S.A. DE C.V.', 'TME970213946', NULL, '2019-08-18 00:00:00'),
	(759, '20212', 156, 'AGUILAR BARCENAS LUIS DANIEL', 'AUBL860401TR6', NULL, '2019-08-18 00:00:00'),
	(760, '20240', 156, 'EQUIPOS DE KARGAS S.A DE C.V', 'EKA110701RB6', NULL, '2019-08-18 00:00:00'),
	(761, '20242', 156, 'HERRAMENTALES Y MECANIZADO DE FORMA', 'HMF1507249D7', NULL, '2019-08-18 00:00:00'),
	(762, '20249', 156, 'OPCIONES DE SERVICIO EN MEXICO SA D', 'OSM980612FV5', NULL, '2019-08-18 00:00:00'),
	(763, '20252', 156, 'FLUID+POWER SOLUTIONS SA DE CV', NULL, NULL, '2019-08-18 00:00:00'),
	(764, '20258', 156, 'MARCO METALES DE MEXICO, S DE RL DE', 'OMM100901EW1', NULL, '2019-08-18 00:00:00'),
	(765, '20265', 76, 'MENAUT ELECTRONIQUE SARL', NULL, 'FR77387492259', '2019-08-18 00:00:00'),
	(766, '20268', 156, 'DATAWARE SOLUCIONES S.A. DE C.V.', 'DSO150424V31', NULL, '2019-08-18 00:00:00'),
	(767, '20275', 156, 'OLIVARES HERNANDEZ RICARDO', 'OIHA521005JJ1', NULL, '2019-08-18 00:00:00'),
	(768, '20276', 156, 'WEILER DE MEXICO S DE RL DE CV', 'WME050202U66', NULL, '2019-08-18 00:00:00'),
	(769, '20277', 156, 'QUERETARO NETWORKS SA DE CV', 'QNE150421266', NULL, '2019-08-18 00:00:00'),
	(770, '20278', 156, 'CRUZ TORRES FRANCISCO JAVIER', 'CUTF910408ETA', NULL, '2019-08-18 00:00:00'),
	(771, '20279', 236, 'DALMEC INC.', '36-3635883', NULL, '2019-08-18 00:00:00'),
	(772, '20290', 156, 'SISTEMAS INTEGRALES DE AUTOMATIZACI', 'SIA150327264', NULL, '2019-08-18 00:00:00'),
	(773, '20310', 156, 'DELL MÃ‰XICO S.A DE C.V', 'DME9204099R6', NULL, '2019-08-18 00:00:00'),
	(774, '20312', 37, 'Entreprises Moresco Inc', NULL, NULL, '2019-08-18 00:00:00'),
	(775, '20313', 111, 'ITACA', '7189910016', 'IT07189910016', '2019-08-18 00:00:00'),
	(776, '20329', 156, 'RANGEL HIDALGO JOSE GUADALUPE', 'RAHG6210083P0', NULL, '2019-08-18 00:00:00'),
	(777, '20330', 156, 'PROVEEDORA DE INSUMOS DEL BAJIO S.A', 'PIB990602LR2', NULL, '2019-08-18 00:00:00'),
	(778, '20641', 156, 'LOPEZ GONZALEZ FERNANDO MARTIN', 'LOGF6507022A9', NULL, '2019-08-18 00:00:00'),
	(779, '20662', 156, 'I+D MEXICO SA DE CV', 'ISD950921HE5', NULL, '2019-08-18 00:00:00'),
	(780, '20664', 156, 'CABRERA VASQUEZ JOSE FRANCISCO', 'CAVF841203S28', NULL, '2019-08-18 00:00:00'),
	(781, '20676', 156, 'AUTYCOM SA DE CV', 'AUT091202C5A', NULL, '2019-08-18 00:00:00'),
	(782, '20677', 156, 'SOLUCIONES EN TECNOLOGIA PM S DE RL', 'STP090112FZ1', NULL, '2019-08-18 00:00:00'),
	(783, '20683', 236, 'GLENCORE LTD', '132942178', NULL, '2019-08-18 00:00:00'),
	(784, '20780', 156, 'JMR SOLUCIONES EN AUTOMATIZACION S', 'JSA100901GS8', NULL, '2019-08-18 00:00:00'),
	(785, '20793', 76, 'SAFETY NETWORK', '49074100000000', 'FR30490741436', '2019-08-18 00:00:00'),
	(786, '20803', 156, 'DISEÃ‘O ISOMETRICO DE MEXICO SA DE ', 'DIM010517AG0', NULL, '2019-08-18 00:00:00'),
	(787, '20804', 156, 'COMERCIAL KALTE SA DE CV', 'CKA881017HEA', NULL, '2019-08-18 00:00:00'),
	(788, '20809', 156, 'NICRO PLATING GROUP QUERETARO', 'NPG141023RS4', NULL, '2019-08-18 00:00:00'),
	(789, '20810', 156, 'CORDERO ARAUJO OLIVA', 'COAO631007GZ7', NULL, '2019-08-18 00:00:00'),
	(790, '20837', 156, 'SMA ABRASIVES CORPORATION, SA DE CV', 'SAC160526H87', NULL, '2019-08-18 00:00:00'),
	(791, '20854', 156, 'WASHTECH SA DE CV', 'WAS1511069D3', NULL, '2019-08-18 00:00:00'),
	(792, '20884', 156, 'HERNANDEZ ARCIGA DAVID', 'HEAD621012GN1', NULL, '2019-08-18 00:00:00'),
	(793, '20919', 156, 'SIERRAS CINTAS ALEMANAS SA DE CV', 'SCA150227685', NULL, '2019-08-18 00:00:00'),
	(794, '20924', 156, 'FAAM SERVICES SA DE CV', 'FSE090703UU7', NULL, '2019-08-18 00:00:00'),
	(795, '20925', 156, 'TRACSA SAPI DE CV', 'TRA800423S25', NULL, '2019-08-18 00:00:00'),
	(796, '20926', 156, 'ESCOBEDO PARDO YATZIRI GRISSEL', 'EOPY891120H57', NULL, '2019-08-18 00:00:00'),
	(797, '20932', 156, 'COMERCIALIZADORA DEUMEX SA DE CV', 'CDE040806V54', NULL, '2019-08-18 00:00:00'),
	(798, '20933', 156, 'ENDRESS HAUSER MEXICO SA DE CV', 'EHM9903195TA', NULL, '2019-08-18 00:00:00'),
	(799, '20963', 156, 'CHACON ESTRADA JOSE ALBERTO', 'CAEA510910J13', NULL, '2019-08-18 00:00:00'),
	(800, '20964', 156, 'HORUS CHEMICAL SA DE CV', 'HCE160304FW7', NULL, '2019-08-18 00:00:00'),
	(801, '21064', 236, 'IT DEVICES ONLINE INC', '811975695', NULL, '2019-08-18 00:00:00'),
	(802, '21065', 156, 'JOR SOLUTIONS SA DE CV', 'JSO140626A51', NULL, '2019-08-18 00:00:00'),
	(803, '21112', 156, 'MURILLO JIMENEZ ROSA MARIA', 'MUJR630615MP4', NULL, '2019-08-18 00:00:00'),
	(804, '21114', 101, 'LABOR-ELEKTRONIKA KFT', '11871152-2-43', NULL, '2019-08-18 00:00:00'),
	(805, '21160', 156, 'DSV AIR & SEA SA DE CV', 'DAA020218JY1', NULL, '2019-08-18 00:00:00'),
	(806, '21184', 156, 'CADGRAFICS DE OCCIDENTE SA DE CV', 'COC1008301A7', NULL, '2019-08-18 00:00:00'),
	(807, '21213', 156, 'CLAUDIA ARREGUIN OLALDE', 'AEOC811119E51', NULL, '2019-08-18 00:00:00'),
	(808, '21244', 156, 'MAHER TOOLS MANUFACTURING SA DE CV', 'MTM1005205W5', NULL, '2019-08-18 00:00:00'),
	(809, '21250', 156, 'OLVERA RIVERA LETICIA', 'OERL650608RI5', NULL, '2019-08-18 00:00:00'),
	(810, '21260', 156, 'PROCESOS AMBIENTALES ALFA S.A. DE C', 'PAA9709257J4', NULL, '2019-08-18 00:00:00'),
	(811, '21261', 156, 'MAGAÃ‘A NARANJO CARLOS ALBERTO', 'MANC760520NU6', NULL, '2019-08-18 00:00:00'),
	(812, '21286', 156, 'MAURICIO JAVIER LOPEZ ALVAREZ', 'LOAM7207089D2', NULL, '2019-08-18 00:00:00'),
	(813, '21298', 156, 'SACAR DEL CENTRO MEXICO S.A. DE C.V', 'SCM141030BD6', NULL, '2019-08-18 00:00:00'),
	(814, '21299', 156, 'SERVICIOS DE SEGURIDAD INDUSTRIAL J', 'SSI1509044W4', NULL, '2019-08-18 00:00:00'),
	(815, '21300', 156, 'GONZALEZ GRANADOS LUIS MAXIMILIANO', 'GOGL950118CT1', NULL, '2019-08-18 00:00:00'),
	(816, '21301', 156, 'ISA DE MEXICO SA DE CV', 'IME080617TU0', NULL, '2019-08-18 00:00:00'),
	(817, '21313', 156, 'HAAS MACHINE TOOLS SA DE CV', 'HMT100805CH1', NULL, '2019-08-18 00:00:00'),
	(818, '21354', 156, 'TECNUM SERVICE SA DE CV', 'TSE970305174', NULL, '2019-08-18 00:00:00'),
	(819, '21357', 156, 'CAMPOS FLORES ROBERTO JAVIER', 'CAFR700607387', NULL, '2019-08-18 00:00:00'),
	(820, '21358', 156, 'COMERCIALIZADORA INDUSTRIAL MERDIZ', 'CIM100212P19', NULL, '2019-08-18 00:00:00'),
	(821, '21423', 156, 'CAMARILLO REYNA YOLANDA', 'CARY710615QD4', NULL, '2019-08-18 00:00:00'),
	(822, '21424', 156, 'DT TECHNIQUES S DE RL DE CV', 'ITE160311PL4', NULL, '2019-08-18 00:00:00'),
	(823, '21425', 156, 'AXTEL SAB DE CV', 'AXT940727FP8', NULL, '2019-08-18 00:00:00'),
	(824, '21441', 156, 'MILACRON MEXICANA SALES SA DE CV', 'MMS921016TX5', NULL, '2019-08-18 00:00:00'),
	(825, '21442', 156, 'SOTELO DE LA ROSA HORACIO DE JESUS', 'SORH930504L81', NULL, '2019-08-18 00:00:00'),
	(826, '21492', 156, 'ATML SA DE CV', 'ATM131008EM0', NULL, '2019-08-18 00:00:00'),
	(827, '21508', 236, 'ALEASTUR OF AMERICA, LLC', '20-0110474', NULL, '2019-08-18 00:00:00'),
	(828, '21525', 156, 'SELLOS Y REFACCIONES DE MONTERREY', 'SRM8408175K9', NULL, '2019-08-18 00:00:00'),
	(829, '21526', 156, 'REBOLLO ZEA HILARIO', 'REZH710512DC1', NULL, '2019-08-18 00:00:00'),
	(830, '21527', 156, 'GRUPO 7 COMUNICACIÃ“N Y MEDIOS SA D', 'GSC0806076N5', NULL, '2019-08-18 00:00:00'),
	(831, '21529', 156, 'RELUTEC SA DE CV', 'REL910814R66', NULL, '2019-08-18 00:00:00'),
	(832, '21535', 156, 'PLASTICOS DE INGENIERIA MEXICANOS S', 'PIM110905H78', NULL, '2019-08-18 00:00:00'),
	(833, '21546', 156, 'JASS TRANSPORT SA DE CV', 'JTR9909293B3', NULL, '2019-08-18 00:00:00'),
	(834, '21548', 156, 'IMPULSORA INDUSTRIAL MONTERREY SA', 'IIM651101EVA', NULL, '2019-08-18 00:00:00'),
	(835, '21551', 57, 'PEHAKA GMBH', 'DE813886017', 'DE813886017', '2019-08-18 00:00:00'),
	(836, '21565', 156, 'RODRIGUEZ CASADO ANTONIO', 'ROCA641220FJ6', NULL, '2019-08-18 00:00:00'),
	(837, '21626', 156, 'CARDOZA MARTINEZ ALEJANDRO', 'CAMA770412KC0', NULL, '2019-08-18 00:00:00'),
	(838, '21627', 156, 'CARBAJAL ROBLES JOSE EDUARDO', 'CARE891218GN5', NULL, '2019-08-18 00:00:00'),
	(839, '21634', 156, 'OÃ‘ATE WILLY Y COMPAÃ‘ÃA, S.C.', 'OWI021218GK1', NULL, '2019-08-18 00:00:00'),
	(840, '21636', 156, 'SALINAS CABRERA PROVIDENCIA', 'SACP820328AZ5', NULL, '2019-08-18 00:00:00'),
	(841, '21660', 156, 'GRAVOTECH S DE RL DE CV', 'GRA0604101C3', NULL, '2019-08-18 00:00:00'),
	(842, '21675', 156, 'MARATHON ELECTRICA DE PUEBLA SA DE', 'MEP900430F74', NULL, '2019-08-18 00:00:00'),
	(843, '21692', 236, 'LINDEX-NIKKE, INC', '363005483', NULL, '2019-08-18 00:00:00'),
	(844, '21693', 156, 'UVSA EXPERTS S.A. DE C.V.', 'UEX160503I66', NULL, '2019-08-18 00:00:00'),
	(845, '21706', 156, 'CRUZER AUTOCONTROL S.A. DE C.V.', 'CAU0612044A6', NULL, '2019-08-18 00:00:00'),
	(846, '21707', 156, 'GARCIA GARCIA LUZ DEL CARMEN', 'GAGL870717UH1', NULL, '2019-08-18 00:00:00'),
	(847, '21711', 156, 'MARTINEZ GUTIERREZ MARTIN', 'MAGM641007QVA', NULL, '2019-08-18 00:00:00'),
	(848, '21712', 156, 'MARPOSS SA DE CV', 'MAR8107143L2', NULL, '2019-08-18 00:00:00'),
	(849, '21720', 156, 'CONSTRUCCIONES E INSTALACIONES', 'CII140522VD7', NULL, '2019-08-18 00:00:00'),
	(850, '21724', 236, 'MAZAK CORPORATION', '112161864', NULL, '2019-08-18 00:00:00'),
	(851, '21736', 156, 'WNI MEXICO S.A. DE C.V.', 'WME051219G52', NULL, '2019-08-18 00:00:00'),
	(852, '21737', 156, 'SERVICIOS ESPECIALIZADOS ERLY S', 'SEE110512S81', NULL, '2019-08-18 00:00:00'),
	(853, '21751', 123, 'SAMWEE PRECISION', NULL, NULL, '2019-08-18 00:00:00'),
	(854, '21763', 236, 'KOMA PRECISION, INC', '06-1116416', NULL, '2019-08-18 00:00:00'),
	(855, '21782', 156, 'ALVAREZ CRUZ MARIELA  ELIZABETH', 'AACM840101FE3', NULL, '2019-08-18 00:00:00'),
	(856, '21795', 156, 'ALMACENADORA MERCADER SA', 'AME951228UD3', NULL, '2019-08-18 00:00:00'),
	(857, '21802', 156, 'SPIROL MEXICO, S.A. DE C.V.', 'SME030130B5A', NULL, '2019-08-18 00:00:00'),
	(858, '21813', 156, 'DIESEL SERVICE GENERATION S', 'DSG131104CH6', NULL, '2019-08-18 00:00:00'),
	(859, '21820', 156, 'SEGURIDAD PRIVADA INDUSTRIAL GOVA S', 'SPI011113FLA', NULL, '2019-08-18 00:00:00'),
	(860, '21826', 156, 'PADILLA TOVAR JAZMIN', 'PATJ8910238M2', NULL, '2019-08-18 00:00:00'),
	(861, '21827', 156, 'INGENIERIA INDUSTRIAL DE VALVULAS S', 'IIV030211498', NULL, '2019-08-18 00:00:00'),
	(862, '21828', 156, 'ESPECOM S DE RL DE CV', 'ESP130419757', NULL, '2019-08-18 00:00:00'),
	(863, '21834', 76, 'STRAMATEL BG COMMUNICATION', '34021400000000', 'FR32340214444', '2019-08-18 00:00:00'),
	(864, '21843', 236, 'KELSEY HAYES COMPANY', '13-3369789', NULL, '2019-08-18 00:00:00'),
	(865, '21864', 156, 'DONALDSON SA DE CV', 'DON7911081N4', NULL, '2019-08-18 00:00:00'),
	(866, '21869', 76, 'SOFIMA SAS', '82947500000000', 'FR47829474592', '2019-08-18 00:00:00'),
	(867, '21878', 76, 'PROMARITIME INTERNATIONAL', NULL, 'FR73393176102', '2019-08-18 00:00:00'),
	(868, '21883', 236, 'STRATOSPHERE QUALITY, LLC', '26-4248682', NULL, '2019-08-18 00:00:00'),
	(869, '21888', 156, 'ASOCIACION CENTRO MEDICO JURICA S.A', 'ACM110617M9A', NULL, '2019-08-18 00:00:00'),
	(870, '21892', 156, 'EAP LATINA DE MEXICO S.A. DE C.V.', 'ELM130423HY9', NULL, '2019-08-18 00:00:00'),
	(871, '21893', 156, 'ATEQ CORP SA DE CV', 'ACO9706116Q6', NULL, '2019-08-18 00:00:00'),
	(872, '21906', 156, 'AGUA Y SANEAMIENTO AMBIENTAL SA DE', 'ASA001219971', NULL, '2019-08-18 00:00:00'),
	(873, '21908', 156, 'AGREGANDO VALOR A LA INDUSTRIA SA D', 'AVI140724DT1', NULL, '2019-08-18 00:00:00'),
	(874, '21915', 156, 'IMPRELECTRIC S DE RL DE CV', 'IMP171121I32', NULL, '2019-08-18 00:00:00'),
	(875, '21932', 156, 'SERVICIOS CHERSA INDUSTRIAL SA DE C', 'SCI160316858', NULL, '2019-08-18 00:00:00'),
	(876, '21934', 156, 'FRANCO INDUSTRIES, ENGINEERING,', 'FIE1704112LA', NULL, '2019-08-18 00:00:00'),
	(877, '21952', 156, 'RODRIGUEZ ROMERO HUMBERTO', 'RORH950413110', NULL, '2019-08-18 00:00:00'),
	(878, '21959', 156, 'MAZAK MEXICO SA DE CV', 'MME940617GL9', NULL, '2019-08-18 00:00:00'),
	(879, '21977', 42, 'HONEYWELL TECHNOLOGIES SARL', NULL, NULL, '2019-08-18 00:00:00'),
	(880, '21991', 156, 'TELEDINAMICA MEXICO SA DE CV', 'TME031127FV1', NULL, '2019-08-18 00:00:00'),
	(881, '22000', 156, 'GDF SUEZ MEXICO COMERCIALIZADORA S', 'TRA0002119W1', NULL, '2019-08-18 00:00:00'),
	(882, '22007', 156, 'Interamericana de Metales, S.A. de', NULL, NULL, '2019-08-18 00:00:00'),
	(883, '22020', 76, 'INSIGNIS', '73920100000000', 'FR88739200715', '2019-08-18 00:00:00'),
	(884, '22022', 156, 'CALZADO GERMA S.A. DE C.V.', 'CGE140529VCA', NULL, '2019-08-18 00:00:00'),
	(885, '22033', 156, 'SANCHEZ PUEBLA JESUS IVAN', 'SAPJ800916K35', NULL, '2019-08-18 00:00:00'),
	(886, '22035', 156, 'CHUBB SEGUROS MEXICO S.A.', 'ASE901221SM4', NULL, '2019-08-18 00:00:00'),
	(887, '22046', 76, 'BOULANOV OLEG', '83351000000000', NULL, '2019-08-18 00:00:00'),
	(888, '22049', 156, 'INTER HOST MEXICO SA DE CV', 'IHM020524SW2', NULL, '2019-08-18 00:00:00'),
	(889, '22089', 156, 'ADVANCED QUALITY INSPECTIONS DE MEX', 'AQI140226DF9', NULL, '2019-08-18 00:00:00'),
	(890, '22100', 156, 'SORTING AND OPERATIONAL SERVICES SA', 'SOS131205Q98', NULL, '2019-08-18 00:00:00'),
	(891, '22114', 156, 'SURTIDOR QUIMICO DEL CENTRO SA DE C', 'SQC850528RU8', NULL, '2019-08-18 00:00:00'),
	(892, '22115', 156, 'LANDEROS GARCIA  AGUSTIN', 'LAGA640810MM6', NULL, '2019-08-18 00:00:00'),
	(893, '22118', 156, 'LICEA PADILLA MARGARITA', 'LIPM7009308E9', NULL, '2019-08-18 00:00:00'),
	(894, '22132', 156, 'COMERCIALIZADORA SADDIJ SA DE CV', 'CSA000127FJ6', NULL, '2019-08-18 00:00:00'),
	(895, '22134', 156, 'GAC COMPAÃ‘ÃA, CONSTRUCTORA E', 'GCC140910GD1', NULL, '2019-08-18 00:00:00'),
	(896, '22135', 156, 'SERVICIOS DE ASEGURAMIENTO DE CALID', 'SAC990216LN2', NULL, '2019-08-18 00:00:00'),
	(897, '22136', 156, 'GAGEMAK-INTRA S DE RL DE CV', 'GMA0605259J0', NULL, '2019-08-18 00:00:00'),
	(898, '22144', 156, 'COTA SERVICIOS Y PRODUCTOS TECNOLOG', 'CSP921119S93', NULL, '2019-08-18 00:00:00'),
	(899, '22149', 156, 'SERVICIOS INDUSTRIALES MI SA DE CV', 'SIM171026MJ6', NULL, '2019-08-18 00:00:00'),
	(900, '22150', 236, 'J & G MACHINERY, INC', NULL, NULL, '2019-08-18 00:00:00'),
	(901, '22167', 156, 'BUSINESS INTELLIGENCE SYSTEMS S', 'BIS110309UF3', NULL, '2019-08-18 00:00:00'),
	(902, '22188', 156, 'INFOPORTAL SA DE CV', 'INF0506171C7', NULL, '2019-08-18 00:00:00'),
	(903, '22189', 76, 'TECHNIVAL INDUSTRIE', '60182000000000', 'FR90601820327', '2019-08-18 00:00:00'),
	(904, '22198', 156, 'VILLARREAL GUARDIOLA FELIPE JAVIER', 'VIGF760805NQ5', NULL, '2019-08-18 00:00:00'),
	(905, '22211', 156, 'CORPORATIVO PREVENTIUM DE MEXICO SA', 'CPM150827NJ2', NULL, '2019-08-18 00:00:00'),
	(906, '22212', 156, 'GLAM TRANSPORTES S.A. DE C.V.', 'GTR1803221T8', NULL, '2019-08-18 00:00:00'),
	(907, '22228', 156, 'V-TEK S DE RL DE CV', 'VTE990629PG3', NULL, '2019-08-18 00:00:00'),
	(908, '22278', 156, 'POMPA GOMEZ GRACIELA ILIANA', 'POGG401229CQ1', NULL, '2019-08-18 00:00:00'),
	(909, '22283', 156, 'VISTA SOLUTIONS DE MEXICO SA DE CV', 'PIS160425A75', NULL, '2019-08-18 00:00:00'),
	(910, '22284', 156, 'VARGAS RIVERA VERONICA', 'VARV6501075N0', NULL, '2019-08-18 00:00:00'),
	(911, '22298', 156, 'HELLMANN WORLDWIDE LOGISTICS SA DE', 'HWL010328I30', NULL, '2019-08-18 00:00:00'),
	(912, '22299', 156, 'GRUPO COMERCIAL DSW SA DE CV', 'GCD170101GS6', NULL, '2019-08-18 00:00:00'),
	(913, '22300', 156, 'QUESADA LASTIRI VIRGINIA', 'QULV610207AU6', NULL, '2019-08-18 00:00:00'),
	(914, '22401', 156, 'LIMON RIVERA JUAN', 'LIRJ8102011K7', NULL, '2019-08-18 00:00:00'),
	(915, '22402', 156, 'PROVEEDORA INDUSTRIAL JAMA SA DE CV', 'PIJ180924IR8', NULL, '2019-08-18 00:00:00'),
	(916, '22414', 156, 'TECNOCALI SERVICIOS SA DE CV', 'TSE181018AK9', NULL, '2019-08-18 00:00:00'),
	(917, '22418', 156, 'SPINDLE & BALL SCREW SERVICES DE', 'SAB151223QR0', NULL, '2019-08-18 00:00:00'),
	(918, '22422', 156, 'NEUDITEK DE MEXICO SA DE CV', 'NME160223S70', NULL, '2019-08-18 00:00:00'),
	(919, '22429', 156, 'ALCANTARA FELIX JUAN ANDRES', 'AAFJ8007231Q9', NULL, '2019-08-18 00:00:00'),
	(920, '22430', 156, 'CADIESA SA DE CV', 'CAD990430C15', NULL, '2019-08-18 00:00:00'),
	(921, '22440', 156, 'GR TECHNOLOGY TOOLS SA DE CV', 'GTT190124JM1', NULL, '2019-08-18 00:00:00'),
	(922, '22454', 156, 'RUBIO GUZMAN J LAZARO TOMAS', 'RUGJ681221KT2', NULL, '2019-08-18 00:00:00'),
	(923, '22463', 76, 'HEPPNER', '769800202', 'FR77769800202', '2019-08-18 00:00:00'),
	(924, '22470', 156, 'OLÃ‰ CENTRO CULTURAL SC', 'OCC0510209K9', NULL, '2019-08-18 00:00:00'),
	(925, '22473', 156, 'KENSA LOGISTICS MEXICO S.A DE C.V', 'KLM180911HX3', NULL, '2019-08-18 00:00:00'),
	(926, '22480', 156, 'ALVARADO AVIÃ‘A CARLOS EDUARDO', 'AAAC8210057Y7', NULL, '2019-08-18 00:00:00'),
	(927, '22483', 156, 'EUCHNER MEXICO S DE RL DE CV', 'EME150626JL5', NULL, '2019-08-18 00:00:00'),
	(930, '0000022569', 156, '', NULL, NULL, '2019-10-16 09:19:07'),
	(950, '0000022579', 156, '', NULL, NULL, '2019-11-14 00:06:32'),
	(970, '0000022580', 156, '', NULL, NULL, '2019-11-15 16:57:02'),
	(971, '0000022581', 156, '', NULL, NULL, '2019-11-15 16:57:02'),
	(990, '0000022589', 156, '', NULL, NULL, '2019-11-20 17:00:07');
/*!40000 ALTER TABLE `t_suppliers` ENABLE KEYS */;

-- Volcando estructura para tabla db_suppliers.t_suppliers_companies
DROP TABLE IF EXISTS `t_suppliers_companies`;
CREATE TABLE IF NOT EXISTS `t_suppliers_companies` (
  `id_supplier` int(10) unsigned NOT NULL,
  `id_company` int(10) unsigned NOT NULL,
  PRIMARY KEY (`id_supplier`,`id_company`),
  KEY `t_suppliers_companies_FK_1` (`id_company`),
  CONSTRAINT `t_suppliers_companies_FK` FOREIGN KEY (`id_supplier`) REFERENCES `t_suppliers` (`id`),
  CONSTRAINT `t_suppliers_companies_FK_1` FOREIGN KEY (`id_company`) REFERENCES `c_companies` (`id`)
) ENGINE=InnoDB DEFAULT CHARSET=utf16;

-- Volcando datos para la tabla db_suppliers.t_suppliers_companies: ~1.837 rows (aproximadamente)
/*!40000 ALTER TABLE `t_suppliers_companies` DISABLE KEYS */;
INSERT INTO `t_suppliers_companies` (`id_supplier`, `id_company`) VALUES
	(1, 1),
	(2, 1),
	(3, 1),
	(4, 1),
	(5, 1),
	(6, 1),
	(8, 1),
	(9, 1),
	(10, 1),
	(11, 1),
	(12, 1),
	(13, 1),
	(14, 1),
	(16, 1),
	(17, 1),
	(18, 1),
	(19, 1),
	(20, 1),
	(21, 1),
	(22, 1),
	(24, 1),
	(27, 1),
	(30, 1),
	(31, 1),
	(32, 1),
	(34, 1),
	(35, 1),
	(39, 1),
	(40, 1),
	(41, 1),
	(43, 1),
	(47, 1),
	(48, 1),
	(49, 1),
	(50, 1),
	(51, 1),
	(52, 1),
	(53, 1),
	(54, 1),
	(55, 1),
	(56, 1),
	(57, 1),
	(58, 1),
	(59, 1),
	(60, 1),
	(61, 1),
	(62, 1),
	(63, 1),
	(64, 1),
	(65, 1),
	(66, 1),
	(67, 1),
	(68, 1),
	(69, 1),
	(70, 1),
	(71, 1),
	(72, 1),
	(73, 1),
	(74, 1),
	(75, 1),
	(76, 1),
	(77, 1),
	(78, 1),
	(79, 1),
	(80, 1),
	(81, 1),
	(82, 1),
	(83, 1),
	(84, 1),
	(85, 1),
	(86, 1),
	(87, 1),
	(88, 1),
	(89, 1),
	(90, 1),
	(91, 1),
	(92, 1),
	(93, 1),
	(94, 1),
	(95, 1),
	(96, 1),
	(97, 1),
	(98, 1),
	(99, 1),
	(100, 1),
	(101, 1),
	(102, 1),
	(103, 1),
	(104, 1),
	(105, 1),
	(106, 1),
	(107, 1),
	(108, 1),
	(109, 1),
	(111, 1),
	(112, 1),
	(113, 1),
	(114, 1),
	(115, 1),
	(116, 1),
	(117, 1),
	(118, 1),
	(119, 1),
	(120, 1),
	(121, 1),
	(122, 1),
	(123, 1),
	(124, 1),
	(125, 1),
	(126, 1),
	(127, 1),
	(128, 1),
	(129, 1),
	(130, 1),
	(131, 1),
	(132, 1),
	(133, 1),
	(134, 1),
	(135, 1),
	(136, 1),
	(137, 1),
	(138, 1),
	(140, 1),
	(141, 1),
	(142, 1),
	(143, 1),
	(144, 1),
	(147, 1),
	(148, 1),
	(150, 1),
	(152, 1),
	(154, 1),
	(155, 1),
	(156, 1),
	(158, 1),
	(160, 1),
	(161, 1),
	(162, 1),
	(163, 1),
	(164, 1),
	(165, 1),
	(166, 1),
	(167, 1),
	(168, 1),
	(169, 1),
	(170, 1),
	(171, 1),
	(172, 1),
	(173, 1),
	(174, 1),
	(175, 1),
	(176, 1),
	(177, 1),
	(178, 1),
	(179, 1),
	(180, 1),
	(181, 1),
	(182, 1),
	(183, 1),
	(184, 1),
	(185, 1),
	(186, 1),
	(187, 1),
	(188, 1),
	(189, 1),
	(190, 1),
	(191, 1),
	(192, 1),
	(193, 1),
	(194, 1),
	(195, 1),
	(196, 1),
	(197, 1),
	(198, 1),
	(199, 1),
	(200, 1),
	(201, 1),
	(202, 1),
	(203, 1),
	(204, 1),
	(205, 1),
	(206, 1),
	(207, 1),
	(208, 1),
	(209, 1),
	(210, 1),
	(211, 1),
	(213, 1),
	(215, 1),
	(216, 1),
	(217, 1),
	(223, 1),
	(226, 1),
	(227, 1),
	(228, 1),
	(229, 1),
	(232, 1),
	(233, 1),
	(234, 1),
	(235, 1),
	(236, 1),
	(237, 1),
	(238, 1),
	(239, 1),
	(240, 1),
	(241, 1),
	(243, 1),
	(244, 1),
	(245, 1),
	(246, 1),
	(247, 1),
	(248, 1),
	(249, 1),
	(250, 1),
	(251, 1),
	(254, 1),
	(255, 1),
	(256, 1),
	(257, 1),
	(258, 1),
	(259, 1),
	(260, 1),
	(261, 1),
	(262, 1),
	(263, 1),
	(265, 1),
	(266, 1),
	(267, 1),
	(268, 1),
	(269, 1),
	(271, 1),
	(272, 1),
	(274, 1),
	(275, 1),
	(276, 1),
	(277, 1),
	(278, 1),
	(279, 1),
	(280, 1),
	(281, 1),
	(282, 1),
	(283, 1),
	(284, 1),
	(285, 1),
	(286, 1),
	(287, 1),
	(288, 1),
	(289, 1),
	(290, 1),
	(291, 1),
	(292, 1),
	(293, 1),
	(294, 1),
	(295, 1),
	(296, 1),
	(297, 1),
	(298, 1),
	(299, 1),
	(301, 1),
	(302, 1),
	(303, 1),
	(304, 1),
	(305, 1),
	(306, 1),
	(307, 1),
	(308, 1),
	(309, 1),
	(310, 1),
	(311, 1),
	(312, 1),
	(313, 1),
	(314, 1),
	(315, 1),
	(316, 1),
	(317, 1),
	(318, 1),
	(319, 1),
	(320, 1),
	(321, 1),
	(322, 1),
	(324, 1),
	(325, 1),
	(326, 1),
	(329, 1),
	(330, 1),
	(331, 1),
	(332, 1),
	(333, 1),
	(334, 1),
	(335, 1),
	(336, 1),
	(337, 1),
	(338, 1),
	(339, 1),
	(341, 1),
	(342, 1),
	(344, 1),
	(345, 1),
	(346, 1),
	(347, 1),
	(348, 1),
	(349, 1),
	(350, 1),
	(351, 1),
	(352, 1),
	(353, 1),
	(354, 1),
	(355, 1),
	(356, 1),
	(357, 1),
	(358, 1),
	(360, 1),
	(362, 1),
	(363, 1),
	(364, 1),
	(366, 1),
	(367, 1),
	(368, 1),
	(369, 1),
	(370, 1),
	(371, 1),
	(372, 1),
	(373, 1),
	(374, 1),
	(375, 1),
	(376, 1),
	(377, 1),
	(378, 1),
	(379, 1),
	(380, 1),
	(381, 1),
	(382, 1),
	(383, 1),
	(384, 1),
	(385, 1),
	(386, 1),
	(387, 1),
	(388, 1),
	(389, 1),
	(391, 1),
	(392, 1),
	(393, 1),
	(394, 1),
	(395, 1),
	(396, 1),
	(397, 1),
	(398, 1),
	(399, 1),
	(401, 1),
	(403, 1),
	(404, 1),
	(405, 1),
	(406, 1),
	(407, 1),
	(409, 1),
	(410, 1),
	(411, 1),
	(412, 1),
	(413, 1),
	(414, 1),
	(415, 1),
	(417, 1),
	(418, 1),
	(419, 1),
	(420, 1),
	(421, 1),
	(422, 1),
	(423, 1),
	(424, 1),
	(425, 1),
	(426, 1),
	(427, 1),
	(428, 1),
	(429, 1),
	(430, 1),
	(431, 1),
	(432, 1),
	(433, 1),
	(434, 1),
	(435, 1),
	(436, 1),
	(437, 1),
	(438, 1),
	(440, 1),
	(441, 1),
	(442, 1),
	(443, 1),
	(444, 1),
	(445, 1),
	(446, 1),
	(447, 1),
	(448, 1),
	(449, 1),
	(450, 1),
	(451, 1),
	(452, 1),
	(453, 1),
	(454, 1),
	(455, 1),
	(456, 1),
	(457, 1),
	(458, 1),
	(459, 1),
	(460, 1),
	(461, 1),
	(462, 1),
	(463, 1),
	(464, 1),
	(465, 1),
	(466, 1),
	(467, 1),
	(468, 1),
	(469, 1),
	(470, 1),
	(471, 1),
	(472, 1),
	(473, 1),
	(474, 1),
	(475, 1),
	(476, 1),
	(477, 1),
	(478, 1),
	(479, 1),
	(480, 1),
	(481, 1),
	(482, 1),
	(483, 1),
	(484, 1),
	(486, 1),
	(488, 1),
	(489, 1),
	(490, 1),
	(491, 1),
	(492, 1),
	(494, 1),
	(495, 1),
	(496, 1),
	(497, 1),
	(498, 1),
	(499, 1),
	(500, 1),
	(501, 1),
	(502, 1),
	(503, 1),
	(504, 1),
	(505, 1),
	(506, 1),
	(507, 1),
	(508, 1),
	(509, 1),
	(510, 1),
	(511, 1),
	(512, 1),
	(513, 1),
	(514, 1),
	(515, 1),
	(516, 1),
	(517, 1),
	(518, 1),
	(519, 1),
	(520, 1),
	(521, 1),
	(522, 1),
	(523, 1),
	(524, 1),
	(525, 1),
	(526, 1),
	(527, 1),
	(528, 1),
	(529, 1),
	(530, 1),
	(531, 1),
	(532, 1),
	(533, 1),
	(534, 1),
	(535, 1),
	(536, 1),
	(537, 1),
	(538, 1),
	(540, 1),
	(541, 1),
	(542, 1),
	(543, 1),
	(544, 1),
	(545, 1),
	(546, 1),
	(547, 1),
	(549, 1),
	(550, 1),
	(551, 1),
	(552, 1),
	(553, 1),
	(554, 1),
	(555, 1),
	(556, 1),
	(557, 1),
	(558, 1),
	(559, 1),
	(560, 1),
	(561, 1),
	(562, 1),
	(564, 1),
	(566, 1),
	(567, 1),
	(568, 1),
	(569, 1),
	(570, 1),
	(571, 1),
	(572, 1),
	(574, 1),
	(575, 1),
	(576, 1),
	(578, 1),
	(579, 1),
	(580, 1),
	(581, 1),
	(582, 1),
	(583, 1),
	(584, 1),
	(585, 1),
	(586, 1),
	(588, 1),
	(589, 1),
	(592, 1),
	(593, 1),
	(595, 1),
	(596, 1),
	(599, 1),
	(600, 1),
	(601, 1),
	(602, 1),
	(603, 1),
	(604, 1),
	(605, 1),
	(606, 1),
	(607, 1),
	(608, 1),
	(609, 1),
	(610, 1),
	(611, 1),
	(612, 1),
	(613, 1),
	(614, 1),
	(616, 1),
	(617, 1),
	(620, 1),
	(621, 1),
	(622, 1),
	(623, 1),
	(624, 1),
	(625, 1),
	(629, 1),
	(630, 1),
	(631, 1),
	(632, 1),
	(633, 1),
	(634, 1),
	(635, 1),
	(636, 1),
	(637, 1),
	(638, 1),
	(639, 1),
	(640, 1),
	(641, 1),
	(642, 1),
	(643, 1),
	(644, 1),
	(645, 1),
	(647, 1),
	(650, 1),
	(651, 1),
	(652, 1),
	(653, 1),
	(654, 1),
	(655, 1),
	(656, 1),
	(657, 1),
	(658, 1),
	(659, 1),
	(660, 1),
	(661, 1),
	(662, 1),
	(664, 1),
	(665, 1),
	(666, 1),
	(667, 1),
	(668, 1),
	(669, 1),
	(670, 1),
	(671, 1),
	(672, 1),
	(673, 1),
	(674, 1),
	(675, 1),
	(676, 1),
	(677, 1),
	(678, 1),
	(679, 1),
	(680, 1),
	(681, 1),
	(682, 1),
	(683, 1),
	(684, 1),
	(685, 1),
	(686, 1),
	(687, 1),
	(688, 1),
	(689, 1),
	(690, 1),
	(691, 1),
	(692, 1),
	(693, 1),
	(695, 1),
	(696, 1),
	(697, 1),
	(698, 1),
	(699, 1),
	(700, 1),
	(701, 1),
	(702, 1),
	(703, 1),
	(704, 1),
	(705, 1),
	(706, 1),
	(707, 1),
	(709, 1),
	(710, 1),
	(711, 1),
	(712, 1),
	(713, 1),
	(714, 1),
	(715, 1),
	(716, 1),
	(717, 1),
	(718, 1),
	(719, 1),
	(720, 1),
	(722, 1),
	(723, 1),
	(724, 1),
	(725, 1),
	(726, 1),
	(727, 1),
	(728, 1),
	(729, 1),
	(730, 1),
	(731, 1),
	(732, 1),
	(733, 1),
	(734, 1),
	(735, 1),
	(736, 1),
	(737, 1),
	(738, 1),
	(739, 1),
	(740, 1),
	(741, 1),
	(742, 1),
	(743, 1),
	(744, 1),
	(745, 1),
	(746, 1),
	(747, 1),
	(748, 1),
	(750, 1),
	(751, 1),
	(752, 1),
	(753, 1),
	(754, 1),
	(755, 1),
	(756, 1),
	(757, 1),
	(758, 1),
	(759, 1),
	(760, 1),
	(761, 1),
	(762, 1),
	(764, 1),
	(765, 1),
	(766, 1),
	(767, 1),
	(768, 1),
	(769, 1),
	(770, 1),
	(771, 1),
	(772, 1),
	(773, 1),
	(774, 1),
	(776, 1),
	(777, 1),
	(778, 1),
	(779, 1),
	(780, 1),
	(781, 1),
	(782, 1),
	(783, 1),
	(784, 1),
	(785, 1),
	(786, 1),
	(787, 1),
	(789, 1),
	(790, 1),
	(792, 1),
	(793, 1),
	(794, 1),
	(795, 1),
	(796, 1),
	(797, 1),
	(799, 1),
	(800, 1),
	(801, 1),
	(802, 1),
	(803, 1),
	(805, 1),
	(806, 1),
	(807, 1),
	(808, 1),
	(809, 1),
	(810, 1),
	(811, 1),
	(812, 1),
	(813, 1),
	(814, 1),
	(815, 1),
	(816, 1),
	(817, 1),
	(819, 1),
	(820, 1),
	(821, 1),
	(822, 1),
	(823, 1),
	(824, 1),
	(825, 1),
	(826, 1),
	(827, 1),
	(828, 1),
	(829, 1),
	(830, 1),
	(831, 1),
	(832, 1),
	(833, 1),
	(834, 1),
	(835, 1),
	(836, 1),
	(838, 1),
	(839, 1),
	(840, 1),
	(841, 1),
	(842, 1),
	(844, 1),
	(845, 1),
	(846, 1),
	(847, 1),
	(848, 1),
	(849, 1),
	(851, 1),
	(852, 1),
	(855, 1),
	(856, 1),
	(858, 1),
	(859, 1),
	(860, 1),
	(861, 1),
	(862, 1),
	(863, 1),
	(864, 1),
	(865, 1),
	(866, 1),
	(868, 1),
	(869, 1),
	(870, 1),
	(872, 1),
	(873, 1),
	(874, 1),
	(875, 1),
	(876, 1),
	(877, 1),
	(880, 1),
	(881, 1),
	(882, 1),
	(883, 1),
	(884, 1),
	(885, 1),
	(886, 1),
	(887, 1),
	(888, 1),
	(889, 1),
	(890, 1),
	(891, 1),
	(892, 1),
	(893, 1),
	(894, 1),
	(895, 1),
	(896, 1),
	(897, 1),
	(899, 1),
	(900, 1),
	(901, 1),
	(902, 1),
	(903, 1),
	(904, 1),
	(906, 1),
	(907, 1),
	(908, 1),
	(909, 1),
	(910, 1),
	(911, 1),
	(912, 1),
	(913, 1),
	(914, 1),
	(915, 1),
	(916, 1),
	(918, 1),
	(919, 1),
	(920, 1),
	(921, 1),
	(922, 1),
	(923, 1),
	(924, 1),
	(925, 1),
	(926, 1),
	(927, 1),
	(1, 2),
	(2, 2),
	(3, 2),
	(5, 2),
	(6, 2),
	(7, 2),
	(8, 2),
	(10, 2),
	(11, 2),
	(12, 2),
	(15, 2),
	(16, 2),
	(17, 2),
	(18, 2),
	(19, 2),
	(20, 2),
	(21, 2),
	(22, 2),
	(23, 2),
	(25, 2),
	(26, 2),
	(27, 2),
	(28, 2),
	(29, 2),
	(33, 2),
	(35, 2),
	(36, 2),
	(37, 2),
	(38, 2),
	(42, 2),
	(43, 2),
	(44, 2),
	(45, 2),
	(46, 2),
	(47, 2),
	(48, 2),
	(49, 2),
	(50, 2),
	(51, 2),
	(52, 2),
	(53, 2),
	(54, 2),
	(55, 2),
	(56, 2),
	(57, 2),
	(58, 2),
	(59, 2),
	(60, 2),
	(61, 2),
	(62, 2),
	(63, 2),
	(64, 2),
	(65, 2),
	(66, 2),
	(67, 2),
	(68, 2),
	(69, 2),
	(70, 2),
	(71, 2),
	(72, 2),
	(73, 2),
	(74, 2),
	(75, 2),
	(76, 2),
	(77, 2),
	(78, 2),
	(79, 2),
	(80, 2),
	(81, 2),
	(82, 2),
	(84, 2),
	(85, 2),
	(86, 2),
	(87, 2),
	(88, 2),
	(89, 2),
	(90, 2),
	(91, 2),
	(92, 2),
	(93, 2),
	(94, 2),
	(95, 2),
	(96, 2),
	(97, 2),
	(98, 2),
	(99, 2),
	(100, 2),
	(101, 2),
	(102, 2),
	(103, 2),
	(104, 2),
	(105, 2),
	(106, 2),
	(107, 2),
	(108, 2),
	(109, 2),
	(110, 2),
	(111, 2),
	(112, 2),
	(113, 2),
	(114, 2),
	(115, 2),
	(116, 2),
	(117, 2),
	(118, 2),
	(119, 2),
	(120, 2),
	(121, 2),
	(122, 2),
	(123, 2),
	(124, 2),
	(125, 2),
	(126, 2),
	(127, 2),
	(128, 2),
	(129, 2),
	(130, 2),
	(131, 2),
	(132, 2),
	(133, 2),
	(134, 2),
	(135, 2),
	(137, 2),
	(138, 2),
	(139, 2),
	(140, 2),
	(141, 2),
	(142, 2),
	(143, 2),
	(144, 2),
	(145, 2),
	(146, 2),
	(147, 2),
	(149, 2),
	(150, 2),
	(151, 2),
	(152, 2),
	(153, 2),
	(154, 2),
	(155, 2),
	(156, 2),
	(157, 2),
	(158, 2),
	(159, 2),
	(160, 2),
	(162, 2),
	(164, 2),
	(165, 2),
	(166, 2),
	(167, 2),
	(168, 2),
	(175, 2),
	(180, 2),
	(182, 2),
	(183, 2),
	(185, 2),
	(187, 2),
	(188, 2),
	(190, 2),
	(191, 2),
	(192, 2),
	(200, 2),
	(201, 2),
	(202, 2),
	(206, 2),
	(212, 2),
	(213, 2),
	(214, 2),
	(215, 2),
	(216, 2),
	(217, 2),
	(218, 2),
	(219, 2),
	(220, 2),
	(221, 2),
	(222, 2),
	(223, 2),
	(224, 2),
	(225, 2),
	(227, 2),
	(228, 2),
	(229, 2),
	(230, 2),
	(231, 2),
	(232, 2),
	(234, 2),
	(235, 2),
	(239, 2),
	(241, 2),
	(242, 2),
	(243, 2),
	(246, 2),
	(247, 2),
	(248, 2),
	(249, 2),
	(252, 2),
	(253, 2),
	(255, 2),
	(260, 2),
	(261, 2),
	(262, 2),
	(264, 2),
	(265, 2),
	(269, 2),
	(270, 2),
	(271, 2),
	(272, 2),
	(273, 2),
	(274, 2),
	(276, 2),
	(281, 2),
	(284, 2),
	(285, 2),
	(286, 2),
	(288, 2),
	(290, 2),
	(294, 2),
	(295, 2),
	(298, 2),
	(299, 2),
	(300, 2),
	(301, 2),
	(304, 2),
	(306, 2),
	(310, 2),
	(311, 2),
	(313, 2),
	(314, 2),
	(316, 2),
	(317, 2),
	(318, 2),
	(322, 2),
	(323, 2),
	(327, 2),
	(328, 2),
	(329, 2),
	(331, 2),
	(332, 2),
	(333, 2),
	(335, 2),
	(338, 2),
	(339, 2),
	(340, 2),
	(341, 2),
	(342, 2),
	(343, 2),
	(344, 2),
	(345, 2),
	(346, 2),
	(347, 2),
	(348, 2),
	(349, 2),
	(351, 2),
	(352, 2),
	(353, 2),
	(355, 2),
	(356, 2),
	(357, 2),
	(359, 2),
	(360, 2),
	(361, 2),
	(362, 2),
	(363, 2),
	(364, 2),
	(365, 2),
	(367, 2),
	(368, 2),
	(370, 2),
	(371, 2),
	(372, 2),
	(373, 2),
	(374, 2),
	(376, 2),
	(377, 2),
	(378, 2),
	(379, 2),
	(380, 2),
	(381, 2),
	(382, 2),
	(383, 2),
	(384, 2),
	(385, 2),
	(387, 2),
	(389, 2),
	(390, 2),
	(391, 2),
	(392, 2),
	(393, 2),
	(394, 2),
	(395, 2),
	(396, 2),
	(397, 2),
	(398, 2),
	(400, 2),
	(402, 2),
	(404, 2),
	(405, 2),
	(406, 2),
	(407, 2),
	(408, 2),
	(409, 2),
	(410, 2),
	(411, 2),
	(413, 2),
	(414, 2),
	(415, 2),
	(416, 2),
	(417, 2),
	(418, 2),
	(419, 2),
	(420, 2),
	(421, 2),
	(422, 2),
	(423, 2),
	(424, 2),
	(425, 2),
	(426, 2),
	(427, 2),
	(428, 2),
	(429, 2),
	(430, 2),
	(431, 2),
	(432, 2),
	(433, 2),
	(434, 2),
	(435, 2),
	(436, 2),
	(437, 2),
	(438, 2),
	(439, 2),
	(440, 2),
	(441, 2),
	(442, 2),
	(444, 2),
	(447, 2),
	(448, 2),
	(449, 2),
	(450, 2),
	(451, 2),
	(452, 2),
	(453, 2),
	(454, 2),
	(455, 2),
	(456, 2),
	(457, 2),
	(458, 2),
	(460, 2),
	(462, 2),
	(463, 2),
	(464, 2),
	(466, 2),
	(467, 2),
	(468, 2),
	(469, 2),
	(470, 2),
	(471, 2),
	(472, 2),
	(473, 2),
	(474, 2),
	(475, 2),
	(476, 2),
	(477, 2),
	(478, 2),
	(481, 2),
	(483, 2),
	(484, 2),
	(485, 2),
	(486, 2),
	(487, 2),
	(488, 2),
	(489, 2),
	(490, 2),
	(491, 2),
	(492, 2),
	(493, 2),
	(494, 2),
	(495, 2),
	(497, 2),
	(498, 2),
	(499, 2),
	(500, 2),
	(501, 2),
	(502, 2),
	(504, 2),
	(505, 2),
	(506, 2),
	(507, 2),
	(508, 2),
	(509, 2),
	(510, 2),
	(511, 2),
	(512, 2),
	(513, 2),
	(515, 2),
	(516, 2),
	(517, 2),
	(518, 2),
	(519, 2),
	(520, 2),
	(521, 2),
	(522, 2),
	(525, 2),
	(526, 2),
	(530, 2),
	(533, 2),
	(534, 2),
	(535, 2),
	(536, 2),
	(537, 2),
	(538, 2),
	(539, 2),
	(544, 2),
	(545, 2),
	(548, 2),
	(549, 2),
	(551, 2),
	(556, 2),
	(557, 2),
	(558, 2),
	(560, 2),
	(561, 2),
	(563, 2),
	(564, 2),
	(565, 2),
	(568, 2),
	(569, 2),
	(570, 2),
	(573, 2),
	(574, 2),
	(576, 2),
	(577, 2),
	(578, 2),
	(580, 2),
	(582, 2),
	(587, 2),
	(590, 2),
	(591, 2),
	(593, 2),
	(594, 2),
	(595, 2),
	(597, 2),
	(598, 2),
	(605, 2),
	(606, 2),
	(607, 2),
	(608, 2),
	(609, 2),
	(610, 2),
	(611, 2),
	(612, 2),
	(615, 2),
	(616, 2),
	(618, 2),
	(619, 2),
	(623, 2),
	(624, 2),
	(625, 2),
	(626, 2),
	(627, 2),
	(628, 2),
	(630, 2),
	(631, 2),
	(632, 2),
	(635, 2),
	(637, 2),
	(638, 2),
	(640, 2),
	(642, 2),
	(643, 2),
	(644, 2),
	(646, 2),
	(648, 2),
	(649, 2),
	(650, 2),
	(651, 2),
	(653, 2),
	(654, 2),
	(655, 2),
	(656, 2),
	(657, 2),
	(663, 2),
	(664, 2),
	(666, 2),
	(667, 2),
	(668, 2),
	(669, 2),
	(670, 2),
	(671, 2),
	(673, 2),
	(674, 2),
	(676, 2),
	(679, 2),
	(680, 2),
	(681, 2),
	(682, 2),
	(684, 2),
	(685, 2),
	(686, 2),
	(688, 2),
	(689, 2),
	(690, 2),
	(691, 2),
	(692, 2),
	(694, 2),
	(697, 2),
	(702, 2),
	(703, 2),
	(704, 2),
	(705, 2),
	(706, 2),
	(707, 2),
	(708, 2),
	(709, 2),
	(710, 2),
	(714, 2),
	(715, 2),
	(717, 2),
	(718, 2),
	(720, 2),
	(721, 2),
	(722, 2),
	(724, 2),
	(725, 2),
	(727, 2),
	(728, 2),
	(733, 2),
	(735, 2),
	(737, 2),
	(738, 2),
	(739, 2),
	(741, 2),
	(742, 2),
	(743, 2),
	(744, 2),
	(747, 2),
	(748, 2),
	(749, 2),
	(751, 2),
	(752, 2),
	(756, 2),
	(757, 2),
	(758, 2),
	(759, 2),
	(761, 2),
	(762, 2),
	(763, 2),
	(765, 2),
	(766, 2),
	(767, 2),
	(768, 2),
	(769, 2),
	(772, 2),
	(775, 2),
	(776, 2),
	(780, 2),
	(781, 2),
	(782, 2),
	(785, 2),
	(786, 2),
	(787, 2),
	(788, 2),
	(789, 2),
	(791, 2),
	(792, 2),
	(793, 2),
	(794, 2),
	(795, 2),
	(796, 2),
	(797, 2),
	(798, 2),
	(799, 2),
	(800, 2),
	(802, 2),
	(804, 2),
	(805, 2),
	(806, 2),
	(807, 2),
	(808, 2),
	(809, 2),
	(810, 2),
	(812, 2),
	(813, 2),
	(814, 2),
	(815, 2),
	(816, 2),
	(817, 2),
	(818, 2),
	(819, 2),
	(820, 2),
	(823, 2),
	(824, 2),
	(825, 2),
	(826, 2),
	(828, 2),
	(830, 2),
	(831, 2),
	(832, 2),
	(833, 2),
	(834, 2),
	(836, 2),
	(837, 2),
	(838, 2),
	(839, 2),
	(840, 2),
	(841, 2),
	(842, 2),
	(843, 2),
	(844, 2),
	(845, 2),
	(846, 2),
	(847, 2),
	(848, 2),
	(849, 2),
	(850, 2),
	(851, 2),
	(852, 2),
	(853, 2),
	(854, 2),
	(855, 2),
	(856, 2),
	(857, 2),
	(858, 2),
	(859, 2),
	(860, 2),
	(861, 2),
	(862, 2),
	(863, 2),
	(867, 2),
	(869, 2),
	(870, 2),
	(871, 2),
	(872, 2),
	(873, 2),
	(874, 2),
	(875, 2),
	(877, 2),
	(878, 2),
	(879, 2),
	(880, 2),
	(881, 2),
	(883, 2),
	(884, 2),
	(885, 2),
	(886, 2),
	(891, 2),
	(892, 2),
	(893, 2),
	(895, 2),
	(896, 2),
	(898, 2),
	(899, 2),
	(901, 2),
	(905, 2),
	(906, 2),
	(907, 2),
	(910, 2),
	(912, 2),
	(913, 2),
	(914, 2),
	(915, 2),
	(916, 2),
	(917, 2),
	(918, 2),
	(919, 2),
	(920, 2),
	(921, 2),
	(922, 2),
	(923, 2),
	(924, 2),
	(925, 2);
/*!40000 ALTER TABLE `t_suppliers_companies` ENABLE KEYS */;

-- Volcando estructura para tabla db_suppliers.t_suppliers_contacts
DROP TABLE IF EXISTS `t_suppliers_contacts`;
CREATE TABLE IF NOT EXISTS `t_suppliers_contacts` (
  `id_supplier` int(10) unsigned NOT NULL,
  `id_contact_type` int(10) unsigned NOT NULL,
  `name` varchar(100) NOT NULL,
  `phone` varchar(20) NOT NULL,
  `email` varchar(50) NOT NULL,
  PRIMARY KEY (`id_supplier`,`id_contact_type`),
  KEY `t_suppliers_contacts_FK_1` (`id_contact_type`),
  CONSTRAINT `t_suppliers_contacts_FK` FOREIGN KEY (`id_supplier`) REFERENCES `t_suppliers` (`id`),
  CONSTRAINT `t_suppliers_contacts_FK_1` FOREIGN KEY (`id_contact_type`) REFERENCES `c_contacts_types` (`id`)
) ENGINE=InnoDB DEFAULT CHARSET=utf16;

-- Volcando datos para la tabla db_suppliers.t_suppliers_contacts: ~120 rows (aproximadamente)
/*!40000 ALTER TABLE `t_suppliers_contacts` DISABLE KEYS */;
INSERT INTO `t_suppliers_contacts` (`id_supplier`, `id_contact_type`, `name`, `phone`, `email`) VALUES
	(1, 1, 'ESTELLE GUTIERES', '4421927300', 'Estelle.GUTIERES@lebelier.com'),
	(1, 2, 'ESTELLE GUTIERES', '4421927300', 'Estelle.GUTIERES@lebelier.com'),
	(1, 3, 'ESTELLE GUTIERES', '4421927300', 'Estelle.GUTIERES@lebelier.com'),
	(7, 1, 'mluz', '5526830423', 'MLUZ_2000@MSN.COM'),
	(7, 2, 'mluz000', '5526830423', 'MLUZ_2000@MSN.COM'),
	(7, 3, 'mluz_2000', '5526830423', 'MLUZ_2000@MSN.COM'),
	(9, 1, 'mluz', '5526830423', 'MLUZ_2000@MSN.COM'),
	(9, 2, 'luz candelas', '5527753007', 'MLUZ_2000@MSN.COM'),
	(9, 3, 'alici', '5527753007', 'MLUZ_2000@MSN.COM'),
	(17, 1, 'mluz', '5526830423', 'MLUZ_2000@MSN.COM'),
	(17, 2, 'm', '5526830423', 'MLUZ_2000@MSN.COM'),
	(17, 3, 'm', '5526830423', 'MLUZ_2000@MSN.COM'),
	(22, 1, 'msn', '55', 'MLUZ_2000@MSN.COM'),
	(22, 2, 'msn', '55', 'MLUZ_2000@MSN.COM'),
	(22, 3, 'msn', '55', 'MLUZ_2000@MSN.COM'),
	(30, 1, 'luz', '5526830423', 'MLUZ_2000@MSN.COM'),
	(30, 2, 'luz', '5526830423', 'MLUZ_2000@MSN.COM'),
	(30, 3, 'luz', '5526830423', 'MLUZ_2000@MSN.COM'),
	(55, 1, 'a', '2589635', 'a@gmil.com'),
	(55, 2, 'b', '2569875', 'b@gmail.com'),
	(55, 3, 'c', '2365978', 'c@gmail.com'),
	(57, 1, 'a', '2156478', 'A@GMAIL.COM'),
	(57, 2, 'b', '2361546', 'b@gmail.com'),
	(57, 3, 'c', '2695312', 'c@gmail.com'),
	(60, 1, 'a', '2567891', 'a@gmail.com'),
	(60, 2, 'b', '2698697', 'b@gmail.com'),
	(60, 3, 'c', '2897569', 'c@gmail.com'),
	(107, 1, 'maria', '5526830423', 'MLUZ_2000@MSN.COM'),
	(107, 2, 'maria de ', '5526830423', 'MLUZ_2000@MSN.COM'),
	(107, 3, 'maria de la luz', '5526830423', 'MLUZ_2000@MSN.COM'),
	(168, 1, 'j', '5', 'jj@gmail.com'),
	(168, 2, 'j', '5', 'jj@gmail.com'),
	(168, 3, 'j', '5', 'jj@gmail.com'),
	(185, 1, 'a', '2564678', 'a@gmail.com'),
	(185, 2, 'b', '2568975', 'b@gmail.com'),
	(185, 3, 'c', '2316597', 'c@gmail.com'),
	(216, 1, 'MARIA ', '5526830423', 'MLUZ_2000@MSN.COM'),
	(216, 2, 'MARIA', '5526830423', 'MLUZ_2000@MSN.COM'),
	(216, 3, 'JUAN JOSE ', '5526830423', 'MLUZ_2000@MSN.COM'),
	(255, 1, 'mluz', '5526830423', 'MLUZ_2000@MSN.COM'),
	(255, 2, 'luz', '5526830423', 'MLUZ_2000@MSN.COM'),
	(255, 3, 'ais', '5526830423', 'MLUZ_2000@MSN.COM'),
	(263, 1, 'a', '278456789', 'a@gmail.com'),
	(263, 2, 'b', '2345678', 'b@gmail.com'),
	(263, 3, 'c', '2563456', 'c@gmail.com'),
	(264, 1, 'mluz', '5526830423', 'MLUZ_2000@MSN.COM'),
	(264, 2, 'lux', '5526830423', 'MLUZ_2000@MSN.COM'),
	(264, 3, 'luz', '5526830423', 'MLUZ_2000@MSN.COM'),
	(301, 1, 'mluz', '5523', 'MLUZ_2000@MSN.COM'),
	(301, 2, 'mluz', '5523', 'MLUZ_2000@MSN.COM'),
	(301, 3, 'mluz', '5523', 'MLUZ_2000@MSN.COM'),
	(344, 1, ' a', '2345678', 'a@gmail.com'),
	(344, 2, 'b', '2345698', 'b@gmail.com'),
	(344, 3, 'c', '2546734', 'c@gmail.com'),
	(347, 1, 'mluz', '5523830423', 'MLUZ_2000@MSN.COM'),
	(347, 2, 'luz', '5526830423', 'MLUZ_2000@MSN.COM'),
	(347, 3, 'mluz', '5526830423', 'MLUZ_2000@MSN.COM'),
	(366, 1, '1', '4545', 'cuentas@leblier.com'),
	(366, 2, '1', '4542', 'bentas@leblier.com'),
	(366, 3, '1', '4543', 'bentas@leblier.com'),
	(403, 1, 'a', '2546738', 'a@gmail.com'),
	(403, 2, 'b', '2345678', 'b@gmail.com'),
	(403, 3, 'c', '2564789', 'c@gmail.com'),
	(410, 1, 'a', '2345678', 'a@gmail.com'),
	(410, 2, 'b', '2768954', 'b@gmail.com'),
	(410, 3, 'c', '2456734', 'c@gmail.com'),
	(421, 1, 'kk', '55', 'hh@gmail.com'),
	(421, 2, 'kk', '55', 'hh@gmail.com'),
	(421, 3, 'kk', '555', 'hh@gmail.com'),
	(446, 1, 'a', '2455634', 'a@gmail.com'),
	(446, 2, 'b', '2568957', 'b@gmail.com'),
	(446, 3, 'c', '2568978', 'c@gmail.com'),
	(448, 1, 'mlu', '5526830423', 'MLUZ_2000@MSN.COM'),
	(448, 2, 'luz', '5526830423', 'MLUZ_2000@MSN.COM'),
	(448, 3, 'luz', '5526830423', 'MLUZ_2000@MSN.COM'),
	(501, 1, 'a', '2156989', 'a@gmail.com'),
	(501, 2, 'b', '2568945', 'b@gmail.com'),
	(501, 3, 'c', '2569812', 'c@gmail.com'),
	(503, 1, '2', '4', 'bre@gmail.com'),
	(503, 2, '2', '4', 'bre@gmail.com'),
	(503, 3, '2', '4', 'bre@gmail.com'),
	(514, 1, 'a', '2586948', 'a@gmail.com'),
	(514, 2, 'b', '2589631', 'b@gmail.com'),
	(514, 3, 'c', '2578946', 'c@gmail.com'),
	(521, 1, 'a', '2134567', 'a@gmail.com'),
	(521, 2, 'b', '2695946', 'b@gmail.com'),
	(521, 3, 'c', '2568978', 'c@gmail.com'),
	(578, 1, 'b', '4', 'j@hotmail.com'),
	(578, 2, 'b', '4', 'j@hotmail.com'),
	(578, 3, 'b', '4', 'j@hotmail.com'),
	(612, 1, 'maria de la luz ', '5526830423', 'MLUZ_2000@MSN.COM'),
	(612, 2, 'maria de la luz ', '5526830423', 'MLUZ_2000@MSN.COM'),
	(612, 3, 'maria de la luz ', '5526830423', 'MLUZ_2000@MSN.COM'),
	(759, 1, 'Roberto', '2120125', 'rob@gmail.com'),
	(759, 2, 'Hernandez ', '2158560', 'her@gmail.com'),
	(759, 3, 'Lopez', '2685236', 'lop@gmail.com'),
	(781, 1, 'lili', '5526830423', 'MLUZ_2000@MSN.COM'),
	(781, 2, 'tere', '5687234565', 'MLUZ_2000@MSN.COM'),
	(781, 3, 'jessyca', '8790234500', 'MLUZ_2000@MSN.COM'),
	(805, 1, 'b', '4444', 'j@gmail.com'),
	(805, 2, 'b', '4444', 'j@gmail.com'),
	(805, 3, 'b', '4444', 'j@gmail.com'),
	(823, 1, 'ma', '55', 'MLUZ_2000@MSN.COM'),
	(823, 2, 'luz', '55', 'MLUZ_2000@MSN.COM'),
	(823, 3, 'alix', '55', 'MLUZ_2000@MSN.COM'),
	(834, 1, 'MARIA', '5526830423', 'MLUZ_2000@MSN.COM'),
	(834, 2, 'MARIA', '5526830423', 'MLUZ_2000@MSN.COM'),
	(834, 3, 'MARIA', '5526830423', 'MLUZ_2000@MSN.COM'),
	(862, 1, 'mluz', '55', 'MLUZ_2000@MSN.COM'),
	(862, 2, 'mluz', '55', 'MLUZ_2000@MSN.COM'),
	(862, 3, 'mluz', '55', 'MLUZ_2000@MSN.COM'),
	(879, 1, 'Francisco', '12345678', 'fjv0410@gmail.com'),
	(879, 2, 'Francisco', '12345678', 'fjv0410@gmail.com'),
	(879, 3, 'Juana', '12345678', 'fjv0410@gmail.com'),
	(907, 1, 'a', '2568978', 'a@gmail.com'),
	(907, 2, 'b', '2693669', 'b@gmail.com'),
	(907, 3, 'c', '2569874', 'c@gmail.com'),
	(925, 1, 'n', '4', 'g@gmail.com'),
	(925, 2, 'n', '4', 'g@gmail.com'),
	(925, 3, 'n', '4', 'g@gmail.com');
/*!40000 ALTER TABLE `t_suppliers_contacts` ENABLE KEYS */;

-- Volcando estructura para tabla db_suppliers.users
DROP TABLE IF EXISTS `users`;
CREATE TABLE IF NOT EXISTS `users` (
  `id` int(10) unsigned NOT NULL AUTO_INCREMENT,
  `name` varchar(50) NOT NULL DEFAULT '',
  `lastname` varchar(50) NOT NULL DEFAULT '',
  `email` varchar(50) NOT NULL,
  `username` varchar(50) NOT NULL,
  `password` varchar(150) NOT NULL DEFAULT '',
  `id_suppliers` int(10) unsigned NOT NULL,
  `id_language` int(10) unsigned NOT NULL,
  `enabled` tinyint(1) NOT NULL,
  `reset_pass_code` char(7) DEFAULT NULL,
  `created_on` datetime NOT NULL,
  PRIMARY KEY (`id`),
  UNIQUE KEY `users_UN` (`username`),
  KEY `users_FK_1` (`id_suppliers`),
  KEY `users_FK_2` (`id_language`),
  CONSTRAINT `users_FK_1` FOREIGN KEY (`id_suppliers`) REFERENCES `t_suppliers` (`id`) ON DELETE CASCADE,
  CONSTRAINT `users_FK_2` FOREIGN KEY (`id_language`) REFERENCES `c_languages_id` (`id`)
) ENGINE=InnoDB AUTO_INCREMENT=1204 DEFAULT CHARSET=utf16;

-- Volcando datos para la tabla db_suppliers.users: ~52 rows (aproximadamente)
/*!40000 ALTER TABLE `users` DISABLE KEYS */;
INSERT INTO `users` (`id`, `name`, `lastname`, `email`, `username`, `password`, `id_suppliers`, `id_language`, `enabled`, `reset_pass_code`, `created_on`) VALUES
	(1, 'Sergio', 'Martinez', 'sergio.martinez@lebelier.com', 'sergio.martinez@lebelier.com', '{noop}inicio01', 7, 2, 1, '12345', '2019-08-18 00:00:00'),
	(320, 'Brenda', 'Carbajal', 'cuentasporpagar@lebelier.com.mx', 'cuentasporpagar@lebelier.com.mx', '{noop}inicio01', 7, 2, 1, '', '2019-09-23 03:24:43'),
	(381, 'LUIS DANIEL', 'AGUILAR BARCENAS', 'misangmart@gmail.com', '20212', '{noop}inicio01', 759, 2, 1, '2928769', '2019-09-25 08:07:52'),
	(400, 'SUSANA ', 'LOPEZ MURILLO', 'MLUZ_2000@MSN.COM', '19243', '{noop}inicio01', 612, 2, 1, '', '2019-09-25 22:41:03'),
	(423, 'MSP SEALS INC', 'SA', 'MLUZ_2000@MSN.COM', '15100', '{noop}mluz3004', 107, 2, 1, '', '2019-09-27 01:51:06'),
	(460, 'VTEK S DE RL DE CV', 'VTEK', 'MLUZ_2000@MSN.COM', '22228', '{noop}inicio01', 907, 2, 1, '', '2019-10-03 19:48:23'),
	(480, 'METAL ', 'EUTECTIC ', 'misanrmart@gmail.com', '17909', '{noop}inicio01', 446, 2, 1, '', '2019-10-07 08:50:05'),
	(500, 'BINASA ', 'REFACCIONES INDUSTRIALES SA ', 'misangmart@gmail.com', '14967', '{noop}inicio01', 55, 2, 1, '', '2019-10-10 03:11:30'),
	(502, 'CALOR Y CONTROL ', 'SA DE CV', 'misangmart@gmail.com', '14973', '{noop}inicio01', 57, 2, 1, '', '2019-10-10 03:44:38'),
	(503, 'COEL ', 'S.A. DE C.V.', 'misangmart@gmail.com', '14982', '{noop}inicio01', 60, 2, 1, '', '2019-10-10 03:53:19'),
	(504, 'GRUPO INDUSTRIAL REGONZA ', 'SA DE CV', 'misangmart@gmail.com', '18677', '{noop}inicio01', 514, 2, 1, '', '2019-10-10 04:00:52'),
	(505, 'COMERCIALIZADORA BEMEX ', 'SA DE CV', 'misangmart@gmail.com', '18721', '{noop}inicio01', 521, 2, 1, '', '2019-10-10 04:09:40'),
	(506, 'MARIA DE LA LUZ', 'candelas', 'MLUZ_2000@MSN.COM', '16311', '{noop}inicio01', 347, 2, 1, '12345', '2019-10-10 04:56:46'),
	(520, 'HERRAMIENTAS COMERCIALE DE QUERETARO', 'SA DE CV ', 'misangmart@gmail.com ', '15385', '{bcrypt}$2a$16$HrnsQ1f007RNhXs/jtOTregpTstDNhnt/S0PiNxQQWBLJhDI9LY/a', 185, 2, 1, NULL, '2019-10-12 22:16:35'),
	(540, 'LBQ', 'FOUNDRY', 'MLUZ_2000@MSN.COM', '18', '{noop}inicio01', 7, 2, 1, '', '2019-10-13 09:18:52'),
	(541, 'BQM', 'MACHING', 'MLUZ_2000@MSN.COM', '22', '{noop}inicio01', 9, 2, 1, '', '2019-10-13 18:54:40'),
	(600, 'OSCAR', 'ORTEGA MOLINA', 'oscar.o@gmail.com', '17587', '{noop}inicio01', 410, 2, 1, '', '2019-10-15 01:05:16'),
	(640, 'AUTICOM', 'S.A ', 'MLUZ_2000@MSN.COM', '20676', '{noop}inicio01', 781, 2, 1, '', '2019-10-16 01:40:04'),
	(660, 'ORGANIZACION ADUANAL SIGLO XXI S.C.', 'ORGANIZACION ADUANAL SIGLO XXI S.C.', 'MLUZ_2000@MSN.COM', '15412', '{noop}inicio01', 194, 2, 1, '', '2019-10-17 18:27:40'),
	(680, 'ORGANIZADORA ADUANAL', 'DE QUERETARO', 'MLUZ_2000@MSN.COM', '18101', '{noop}inicio01', 458, 2, 1, '', '2019-10-18 19:21:08'),
	(681, 'OÃATE WILLY AND CIA', 'OÃATE WILLY AND CIA', 'MLUZ_2000@MSN.COM', '21634', '{noop}inicio01', 839, 2, 1, '', '2019-10-18 19:45:44'),
	(700, 'Hugo', 'Gonzaga', 'hugogonzagah@gmail.com', '14948', '{noop}inicio01', 48, 2, 1, '', '2019-10-21 04:18:07'),
	(820, 'LE BELIER SA', 'LE BELIER SA', 'MLUZ_2000@MSN.COM', '10', '{noop}inicio01', 1, 2, 1, '', '2019-10-22 23:44:46'),
	(822, 'LBO', 'LBO', 'MLUZ_2000@MSN.COM', '19', '{noop}inicio01', 8, 2, 1, '', '2019-10-22 23:45:53'),
	(940, 'MITSUBISHI INTERNATIONAL CORP', 'MITSUBISHI INTERNATIONAL CORP', 'MLUZ_2000@MSN.COM', '16498', '{noop}inicio01', 366, 2, 1, '', '2019-10-23 23:47:50'),
	(942, 'PROVEEDORES ', 'VARIOS', 'MLUZ_2000@MSN.COM', '15723', '{noop}inicio01', 263, 2, 1, '', '2019-10-23 14:43:34'),
	(943, 'PROVEEDORES VARIOS 2', 'MENDILA', 'MLUZ_2000@MSN.COM', '15724', '{noop}inicio01', 264, 2, 1, '', '2019-10-23 14:49:27'),
	(944, 'ECCOMELT LLC', 'ECCOMELT LLC', 'MLUZ_2000@MSN.COM', '18561', '{noop}inicio01', 503, 2, 1, '', '2019-10-24 00:22:03'),
	(1020, 'h', 'g', 'hugogonzagah@gmail.com', '15300', '{noop}inicio01', 159, 2, 1, '2742553', '2019-10-24 10:00:56'),
	(1040, 'VIAJES EL CORTE INGLES SA DE CV', 'VIAJES EL CORTE INGLES SA DE CV', 'MLUZ_2000@MSN.COM', '15664', '{noop}inicio01', 255, 2, 1, '', '2019-10-30 17:12:07'),
	(1062, 'CONTENEDORES Y QUIMICOS DE MEXICO S', 'CONTENEDORES Y QUIMICOS DE MEXICO S', 'MLUZ_2000@MSN.COM', '17687', '{noop}inicio01', 421, 2, 1, '', '2019-11-06 00:57:30'),
	(1063, 'IMPRELECTRIC S DE RL DE CV', 'IMPRELECTRIC S DE RL DE CV', 'MLUZ_2000@MSN.COM', '21915', '{noop}inicio01', 874, 2, 1, '', '2019-11-06 00:58:11'),
	(1080, 'LCK CONSULTORES SC', 'LCK CONSULTORES SC', 'MLUZ_2000@MSN.COM', '19042', '{noop}inicio01', 578, 2, 1, '', '2019-11-06 18:22:50'),
	(1081, 'ALESTRA S. DE R.L. DE C.V.', 'ALESTRA S. DE R.L. DE C.V.', 'MLUZ_2000@MSN.COM', '19689', '{noop}inicio01', 687, 2, 1, '', '2019-11-06 18:24:24'),
	(1083, 'COMISION FEDERAL DE ELECTRICIDAD', 'COMISION FEDERAL DE ELECTRICIDAD', 'MLUZ_2000@MSN.COM', '15343', '{noop}inicio01', 168, 2, 1, '', '2019-11-06 18:25:45'),
	(1085, 'KENSA LOGISTICS MEXICO S.A DE C.V', 'KENSA LOGISTICS MEXICO S.A DE C.V', 'MLUZ_2000@MSN.COM', '22473', '{noop}inicio01', 925, 2, 1, '', '2019-11-06 18:31:04'),
	(1087, 'FEDERAL EXPRESSS HOLDINGS MEX Y COM', 'FEDERAL EXPRESSS HOLDINGS MEX Y COM', 'MLUZ_2000@MSN.COM', '15369', '{noop}inicio01', 180, 2, 1, '', '2019-11-06 18:39:41'),
	(1089, 'DSV AIR ', 'DSV AIR ', 'MLUZ_2000@MSN.COM', '21160', '{noop}inicio01', 805, 2, 1, '', '2019-11-06 18:44:17'),
	(1100, 'AXTEL SAB DE CV', 'AXTEL SAB DE CV', 'MLUZ_2000@MSN.COM', '21425', '{noop}inicio01', 823, 2, 1, '', '2019-11-06 22:02:16'),
	(1101, 'ESPECOM S DE RL DE CV', 'ESPECOM S DE RL DE CV', 'MLUZ_2000@MSN.COM', '21828', '{noop}inicio01', 862, 2, 1, '', '2019-11-07 00:23:31'),
	(1120, 'IMPULSORA INDUSTRIAL MONTERREY SA', 'IMPULSORA INDUSTRIAL MONTERREY SA', 'MLUZ_2000@MSN.COM', '21548', '{bcrypt}$2a$16$2Z/w0RvsE6b2yyNmAkcRkusAplcsCggTdcwyjN8jkqxR1ymaNnZqO', 834, 2, 1, NULL, '2019-11-15 16:56:45'),
	(1121, 'NOMBRE DEL USUARIO DEL PORTAL ', 'APELLIDO', 'MLUZ_2000@MSN.COM', '21261', '{noop}inicio01', 811, 2, 1, '', '2019-11-13 07:18:24'),
	(1123, 'DIST ELECTRICO DEL BAJIO SA DE CV', 'DIST ELECTRICO DEL BAJIO SA DE CV', 'MLUZ_2000@MSN.COM', '15001', '{bcrypt}$2a$16$IFZStXI38E7TKIIeQ0t..emXorS/5WHNU3Z.2PUI9Ar5QhcpLdFD6', 65, 2, 1, NULL, '2019-11-14 19:43:00'),
	(1124, 'VAZQUEZ CASTILLO FERNANDO', 'VAZQUEZ CASTILLO FERNANDO', 'MLUZ_2000@MSN.COM', '15953', '{bcrypt}$2a$16$s4ZtchNVI3MItGdHqEE4QeGwENCpXXpqjGzgPL/QzT5b.EaWsQJ3.', 301, 2, 1, NULL, '2019-11-15 22:37:40'),
	(1125, 'LE BELIER DALIAN (service)', 'LE BELIER DALIAN (service)', 'MLUZ_2000@MSN.COM', '85', '{bcrypt}$2a$16$GKBaqbbcK3TCrjGuvmnWcuw6XSaYhk3/H2je31BdgD72TW7DGHYZC', 22, 2, 1, NULL, '2019-11-15 23:33:24'),
	(1140, 'MH ARELLANO ', 'S DE RL DE CV', 'misangmart@gmail.com', '20118', '{bcrypt}$2a$16$FS7gZK9kFT7DhWz5ZoQbMeKL7mHwzQDKln7VqbnHIjM7mcVrqr02a', 743, 2, 1, NULL, '2019-11-19 18:26:34'),
	(1160, 'Supplier', '17485', 'misangmart@gmail.com', '17485', '{bcrypt}$2a$16$7e7/bNFNBx1KQTfaisEN5.IjcHhRCeVqEXuLyIdhubkmPJYPQRyZ2', 403, 2, 1, NULL, '2019-11-21 08:15:39'),
	(1180, 'GAUSS AUTOMAZIONE S.P.A.', 'GAUSS AUTOMAZIONE S.P.A.', 'MLUZ_2000@MSN.COM', '10612', '{bcrypt}$2a$16$gqW/Qblv7PrcMxVcKhzwmuTxAyFklow8xqqGgU.ufH9BISsngm9y6', 30, 2, 1, NULL, '2019-11-21 22:57:34'),
	(1183, 'Le Belier Lv Shun (Dalian) Foundry', 'CANDELAS', 'MLUZ_2000@MSN.COM', '80', '{bcrypt}$2a$16$9BwvE/SsYzLw1n2JDJ1VT.AcZgHKSzip6H/.vBVGhv9tCLaYi1cNm', 17, 2, 1, NULL, '2019-11-21 23:00:43'),
	(1184, 'BLUEQUEST RESOURCES AG', 'CANDELAS', 'MLUZ_2000@MSN.COM', '17917', '{bcrypt}$2a$16$LuVUTIxpcoQapm5SQWGpzeiTWBoP8ryzGdRGYQmoViGz6xNwxnMAW', 448, 2, 1, NULL, '2019-11-21 23:01:50'),
	(1202, 'ABRAHAM ', 'ORNELAS LOPEZ', 'misangmart@gmail.com', '16295', '{bcrypt}$2a$16$im.qT9VthoNIm.xIV6sO8upjekDp6Audtl2gg7gCXg83wPtWpkRw6', 344, 2, 1, NULL, '2019-11-24 07:43:44'),
	(1203, 'Francisco ', 'Javier', 'fjv0410@gmail.com', '21977', '{noop}inicio01', 879, 2, 1, NULL, '2020-01-21 22:33:56');
/*!40000 ALTER TABLE `users` ENABLE KEYS */;

/*!40101 SET SQL_MODE=IFNULL(@OLD_SQL_MODE, '') */;
/*!40014 SET FOREIGN_KEY_CHECKS=IF(@OLD_FOREIGN_KEY_CHECKS IS NULL, 1, @OLD_FOREIGN_KEY_CHECKS) */;
/*!40101 SET CHARACTER_SET_CLIENT=@OLD_CHARACTER_SET_CLIENT */;
